OutLA,InLA,Moves
E09000001,E09000002,2.143
E09000001,E09000003,14.4711
E09000001,E09000005,13.8959
E09000001,E09000006,5.9125
E09000001,E09000007,32.0046
E09000001,E09000008,9.1431
E09000001,E09000009,12.348
E09000001,E09000010,7.3362
E09000001,E09000011,18.1187
E09000001,E09000012,38.2394
E09000001,E09000013,11.0096
E09000001,E09000014,9.4946
E09000001,E09000015,4.8449
E09000001,E09000016,2.3745
E09000001,E09000017,3.7144
E09000001,E09000018,4.8414
E09000001,E09000019,83.9739
E09000001,E09000020,26.2302
E09000001,E09000021,6.2443
E09000001,E09000022,35.3354
E09000001,E09000023,20.2332
E09000001,E09000024,5.9313
E09000001,E09000025,27.4446
E09000001,E09000026,18.7931
E09000001,E09000027,4.8484
E09000001,E09000028,60.6243
E09000001,E09000029,4.8927
E09000001,E09000030,83.3572
E09000001,E09000031,9.608
E09000001,E09000032,27.2652
E09000001,E09000033,36.6551
E09000002,E09000003,153.7779
E09000002,E09000004,183.9462
E09000002,E09000005,107.1863
E09000002,E09000006,106.0647
E09000002,E09000007,57.1802
E09000002,E09000008,118.4386
E09000002,E09000009,125.564
E09000002,E09000010,204.6118
E09000002,E09000011,179.9177
E09000002,E09000012,185.0415
E09000002,E09000013,31.3035
E09000002,E09000014,117.0086
E09000002,E09000015,77.5346
E09000002,E09000016,2677.6474
E09000002,E09000017,108.2486
E09000002,E09000018,94.8585
E09000002,E09000019,90.0335
E09000002,E09000020,21.8666
E09000002,E09000021,63.6568
E09000002,E09000022,68.8945
E09000002,E09000023,124.2385
E09000002,E09000024,68.3089
E09000002,E09000025,1255.1898
E09000002,E09000026,1904.6798
E09000002,E09000027,35.097
E09000002,E09000028,118.8768
E09000002,E09000029,50.3018
E09000002,E09000030,323.5896
E09000002,E09000031,416.8249
E09000002,E09000032,74.6121
E09000002,E09000033,65.1963
E09000003,E09000001,20.7125
E09000003,E09000002,123.6177
E09000003,E09000004,96.6423
E09000003,E09000005,2011.8901
E09000003,E09000006,156.2582
E09000003,E09000007,1024.1642
E09000003,E09000008,185.9317
E09000003,E09000009,507.8466
E09000003,E09000010,1595.7059
E09000003,E09000011,217.2324
E09000003,E09000012,377.8766
E09000003,E09000013,251.2295
E09000003,E09000014,1167.7075
E09000003,E09000015,1548.7278
E09000003,E09000016,120.9233
E09000003,E09000017,395.8288
E09000003,E09000018,180.4315
E09000003,E09000019,537.8065
E09000003,E09000020,166.188
E09000003,E09000021,133.2758
E09000003,E09000022,316.0716
E09000003,E09000023,234.2941
E09000003,E09000024,199.6525
E09000003,E09000025,270.4075
E09000003,E09000026,193.6248
E09000003,E09000027,137.2597
E09000003,E09000028,335.2451
E09000003,E09000029,84.2806
E09000003,E09000030,420.2504
E09000003,E09000031,326.3399
E09000003,E09000032,313.7233
E09000003,E09000033,436.0296
E09000004,E09000001,2.4959
E09000004,E09000002,67.5733
E09000004,E09000003,53.4284
E09000004,E09000005,55.172
E09000004,E09000006,669.3636
E09000004,E09000007,48.0573
E09000004,E09000008,137.9647
E09000004,E09000009,51.9304
E09000004,E09000010,51.4614
E09000004,E09000011,1993.376
E09000004,E09000012,71.2836
E09000004,E09000013,41.4139
E09000004,E09000014,52.182
E09000004,E09000015,30.0423
E09000004,E09000016,66.459
E09000004,E09000017,49.5423
E09000004,E09000018,47.1461
E09000004,E09000019,44.3896
E09000004,E09000020,8.5115
E09000004,E09000021,48.7523
E09000004,E09000022,131.9395
E09000004,E09000023,395.2686
E09000004,E09000024,43.0609
E09000004,E09000025,103.7731
E09000004,E09000026,48.4447
E09000004,E09000027,27.2971
E09000004,E09000028,168.1398
E09000004,E09000029,42.2791
E09000004,E09000030,123.5424
E09000004,E09000031,58.4026
E09000004,E09000032,83.6302
E09000004,E09000033,36.434
E09000005,E09000001,7.2273
E09000005,E09000002,147.2081
E09000005,E09000003,2738.19
E09000005,E09000004,80.8802
E09000005,E09000006,125.5837
E09000005,E09000007,1055.1339
E09000005,E09000008,257.7563
E09000005,E09000009,2448.2595
E09000005,E09000010,318.2819
E09000005,E09000011,211.8625
E09000005,E09000012,327.0678
E09000005,E09000013,609.9057
E09000005,E09000014,527.4928
E09000005,E09000015,4051.7117
E09000005,E09000016,111.1777
E09000005,E09000017,1164.8696
E09000005,E09000018,587.8656
E09000005,E09000019,381.4017
E09000005,E09000020,381.0425
E09000005,E09000021,141.0908
E09000005,E09000022,467.7289
E09000005,E09000023,328.5009
E09000005,E09000024,228.6579
E09000005,E09000025,411.7862
E09000005,E09000026,247.1852
E09000005,E09000027,197.8783
E09000005,E09000028,361.5652
E09000005,E09000029,122.5032
E09000005,E09000030,429.9945
E09000005,E09000031,376.0024
E09000005,E09000032,505.503
E09000005,E09000033,858.2043
E09000006,E09000001,10.9819
E09000006,E09000002,50.2527
E09000006,E09000003,95.2515
E09000006,E09000004,812.5658
E09000006,E09000005,85.4788
E09000006,E09000007,101.4054
E09000006,E09000008,1486.0948
E09000006,E09000009,84.4409
E09000006,E09000010,79.5945
E09000006,E09000011,729.3626
E09000006,E09000012,98.1149
E09000006,E09000013,113.0478
E09000006,E09000014,66.3439
E09000006,E09000015,34.0613
E09000006,E09000016,63.1565
E09000006,E09000017,59.2872
E09000006,E09000018,64.3511
E09000006,E09000019,91.8771
E09000006,E09000020,40.2537
E09000006,E09000021,77.059
E09000006,E09000022,482.1915
E09000006,E09000023,1222.9468
E09000006,E09000024,138.2192
E09000006,E09000025,106.7462
E09000006,E09000026,62.3522
E09000006,E09000027,90.3914
E09000006,E09000028,504.8174
E09000006,E09000029,188.5815
E09000006,E09000030,158.6054
E09000006,E09000031,75.6389
E09000006,E09000032,240.2571
E09000006,E09000033,102.1132
E09000007,E09000001,61.2089
E09000007,E09000002,48.0804
E09000007,E09000003,1740.0579
E09000007,E09000004,64.8692
E09000007,E09000005,1403.6667
E09000007,E09000006,171.6103
E09000007,E09000008,134.5522
E09000007,E09000009,432.8201
E09000007,E09000010,337.7814
E09000007,E09000011,325.7439
E09000007,E09000012,935.7501
E09000007,E09000013,535.2064
E09000007,E09000014,1368.5308
E09000007,E09000015,307.3225
E09000007,E09000016,53.5158
E09000007,E09000017,146.3985
E09000007,E09000018,183.4699
E09000007,E09000019,2699.2915
E09000007,E09000020,409.5862
E09000007,E09000021,143.3592
E09000007,E09000022,932.7894
E09000007,E09000023,381.9986
E09000007,E09000024,240.6344
E09000007,E09000025,394.9828
E09000007,E09000026,166.8604
E09000007,E09000027,268.5759
E09000007,E09000028,933.3755
E09000007,E09000029,59.4516
E09000007,E09000030,1003.4021
E09000007,E09000031,387.3552
E09000007,E09000032,747.5028
E09000007,E09000033,1565.4916
E09000008,E09000001,8.8213
E09000008,E09000002,131.185
E09000008,E09000003,129.7868
E09000008,E09000004,210.498
E09000008,E09000005,179.0321
E09000008,E09000006,1821.1012
E09000008,E09000007,121.8065
E09000008,E09000009,185.9752
E09000008,E09000010,121.0206
E09000008,E09000011,355.4876
E09000008,E09000012,142.6685
E09000008,E09000013,112.1078
E09000008,E09000014,154.6627
E09000008,E09000015,123.8929
E09000008,E09000016,97.6253
E09000008,E09000017,191.8177
E09000008,E09000018,152.4648
E09000008,E09000019,124.2412
E09000008,E09000020,63.0988
E09000008,E09000021,295.736
E09000008,E09000022,1592.617
E09000008,E09000023,840.8131
E09000008,E09000024,1032.2052
E09000008,E09000025,181.8677
E09000008,E09000026,127.9891
E09000008,E09000027,129.2094
E09000008,E09000028,637.5028
E09000008,E09000029,1567.1745
E09000008,E09000030,251.6697
E09000008,E09000031,164.7763
E09000008,E09000032,792.8425
E09000008,E09000033,114.4309
E09000009,E09000001,17.5054
E09000009,E09000002,110.3509
E09000009,E09000003,471.9657
E09000009,E09000004,77.8652
E09000009,E09000005,1613.9533
E09000009,E09000006,141.731
E09000009,E09000007,358.8809
E09000009,E09000008,216.0601
E09000009,E09000010,151.7319
E09000009,E09000011,208.9155
E09000009,E09000012,228.015
E09000009,E09000013,1542.5336
E09000009,E09000014,280.2122
E09000009,E09000015,1160.2964
E09000009,E09000016,71.9541
E09000009,E09000017,3784.9884
E09000009,E09000018,3199.235
E09000009,E09000019,258.9859
E09000009,E09000020,478.1572
E09000009,E09000021,252.4366
E09000009,E09000022,441.7995
E09000009,E09000023,239.4283
E09000009,E09000024,231.697
E09000009,E09000025,300.9462
E09000009,E09000026,166.3373
E09000009,E09000027,557.1542
E09000009,E09000028,330.7413
E09000009,E09000029,122.0203
E09000009,E09000030,412.0915
E09000009,E09000031,225.8401
E09000009,E09000032,634.8805
E09000009,E09000033,407.308
E09000010,E09000001,9.4744
E09000010,E09000002,222.8464
E09000010,E09000003,1730.6354
E09000010,E09000004,109.1327
E09000010,E09000005,355.2136
E09000010,E09000006,129.582
E09000010,E09000007,284.0077
E09000010,E09000008,155.7604
E09000010,E09000009,215.3115
E09000010,E09000011,165.8811
E09000010,E09000012,530.5196
E09000010,E09000013,117.2108
E09000010,E09000014,2381.0036
E09000010,E09000015,142.615
E09000010,E09000016,175.4279
E09000010,E09000017,186.0933
E09000010,E09000018,86.4572
E09000010,E09000019,400.6568
E09000010,E09000020,73.4821
E09000010,E09000021,63.3329
E09000010,E09000022,185.6068
E09000010,E09000023,186.6811
E09000010,E09000024,67.811
E09000010,E09000025,449.2087
E09000010,E09000026,357.8051
E09000010,E09000027,52.9979
E09000010,E09000028,198.1528
E09000010,E09000029,58.3997
E09000010,E09000030,282.7681
E09000010,E09000031,709.3188
E09000010,E09000032,172.3376
E09000010,E09000033,157.0977
E09000011,E09000001,7.3101
E09000011,E09000002,182.3945
E09000011,E09000003,202.9535
E09000011,E09000004,3618.6661
E09000011,E09000005,158.6643
E09000011,E09000006,1078.1645
E09000011,E09000007,165.5031
E09000011,E09000008,359.8322
E09000011,E09000009,174.5558
E09000011,E09000010,137.066
E09000011,E09000012,223.0218
E09000011,E09000013,134.6955
E09000011,E09000014,179.8075
E09000011,E09000015,105.0324
E09000011,E09000016,125.572
E09000011,E09000017,120.7414
E09000011,E09000018,120.7351
E09000011,E09000019,165.5084
E09000011,E09000020,86.2313
E09000011,E09000021,110.1399
E09000011,E09000022,456.7824
E09000011,E09000023,2100.8915
E09000011,E09000024,163.9521
E09000011,E09000025,522.7989
E09000011,E09000026,175.9842
E09000011,E09000027,128.0882
E09000011,E09000028,620.2432
E09000011,E09000029,115.5347
E09000011,E09000030,585.1541
E09000011,E09000031,218.3991
E09000011,E09000032,346.7364
E09000011,E09000033,169.5042
E09000012,E09000001,33.9528
E09000012,E09000002,315.7256
E09000012,E09000003,513.1083
E09000012,E09000004,118.51
E09000012,E09000005,293.5114
E09000012,E09000006,174.5363
E09000012,E09000007,658.351
E09000012,E09000008,214.2353
E09000012,E09000009,215.1439
E09000012,E09000010,861.8792
E09000012,E09000011,366.5078
E09000012,E09000013,242.0771
E09000012,E09000014,2284.1295
E09000012,E09000015,69.6318
E09000012,E09000016,225.2235
E09000012,E09000017,117.7359
E09000012,E09000018,91.6423
E09000012,E09000019,1938.9921
E09000012,E09000020,173.8758
E09000012,E09000021,82.9226
E09000012,E09000022,711.3287
E09000012,E09000023,791.1684
E09000012,E09000024,114.7975
E09000012,E09000025,1001.8675
E09000012,E09000026,538.5384
E09000012,E09000027,125.9618
E09000012,E09000028,896.2662
E09000012,E09000029,35.5562
E09000012,E09000030,1828.9874
E09000012,E09000031,2152.2646
E09000012,E09000032,431.5494
E09000012,E09000033,330.3838
E09000013,E09000001,23.369
E09000013,E09000002,52.7098
E09000013,E09000003,278.4164
E09000013,E09000004,34.972
E09000013,E09000005,727.4891
E09000013,E09000006,143.5828
E09000013,E09000007,474.1436
E09000013,E09000008,191.1794
E09000013,E09000009,2057.8002
E09000013,E09000010,95.5587
E09000013,E09000011,219.026
E09000013,E09000012,395.2291
E09000013,E09000014,288.6242
E09000013,E09000015,164.7928
E09000013,E09000016,46.1262
E09000013,E09000017,312.986
E09000013,E09000018,887.1391
E09000013,E09000019,467.4562
E09000013,E09000020,1255.9008
E09000013,E09000021,266.5266
E09000013,E09000022,876.5551
E09000013,E09000023,257.7827
E09000013,E09000024,517.5538
E09000013,E09000025,255.965
E09000013,E09000026,76.3974
E09000013,E09000027,722.9774
E09000013,E09000028,552.5823
E09000013,E09000029,136.1016
E09000013,E09000030,548.8792
E09000013,E09000031,174.0087
E09000013,E09000032,2417.5307
E09000013,E09000033,838.4576
E09000014,E09000001,16.7607
E09000014,E09000002,252.7082
E09000014,E09000003,2058.2482
E09000014,E09000004,122.8977
E09000014,E09000005,539.5456
E09000014,E09000006,176.4511
E09000014,E09000007,742.971
E09000014,E09000008,272.3948
E09000014,E09000009,384.6366
E09000014,E09000010,4366.522
E09000014,E09000011,301.1448
E09000014,E09000012,1498.9953
E09000014,E09000013,242.4604
E09000014,E09000015,176.5588
E09000014,E09000016,175.453
E09000014,E09000017,154.8585
E09000014,E09000018,166.6266
E09000014,E09000019,1460.3519
E09000014,E09000020,138.3132
E09000014,E09000021,127.7795
E09000014,E09000022,623.9803
E09000014,E09000023,437.7107
E09000014,E09000024,168.7763
E09000014,E09000025,580.138
E09000014,E09000026,353.1379
E09000014,E09000027,123.2724
E09000014,E09000028,635.2365
E09000014,E09000029,57.3147
E09000014,E09000030,690.2103
E09000014,E09000031,1336.0587
E09000014,E09000032,437.0199
E09000014,E09000033,269.0609
E09000015,E09000001,11.1463
E09000015,E09000002,71.7398
E09000015,E09000003,1282.6805
E09000015,E09000004,44.4231
E09000015,E09000005,2194.0154
E09000015,E09000006,74.2735
E09000015,E09000007,252.2414
E09000015,E09000008,106.1463
E09000015,E09000009,924.679
E09000015,E09000010,120.0224
E09000015,E09000011,94.1825
E09000015,E09000012,87.7397
E09000015,E09000013,110.4666
E09000015,E09000014,142.038
E09000015,E09000016,40.5503
E09000015,E09000017,1759.3776
E09000015,E09000018,199.7738
E09000015,E09000019,97.1155
E09000015,E09000020,69.834
E09000015,E09000021,88.8539
E09000015,E09000022,103.3888
E09000015,E09000023,99.838
E09000015,E09000024,86.6336
E09000015,E09000025,123.7881
E09000015,E09000026,94.3177
E09000015,E09000027,95.7847
E09000015,E09000028,123.5835
E09000015,E09000029,114.5573
E09000015,E09000030,138.3179
E09000015,E09000031,67.7154
E09000015,E09000032,166.2948
E09000015,E09000033,172.0791
E09000016,E09000001,4.639
E09000016,E09000002,940.548
E09000016,E09000003,82.319
E09000016,E09000004,72.8972
E09000016,E09000005,54.7122
E09000016,E09000006,57.6931
E09000016,E09000007,57.9883
E09000016,E09000008,63.478
E09000016,E09000009,62.5014
E09000016,E09000010,105.5007
E09000016,E09000011,119.4936
E09000016,E09000012,102.4075
E09000016,E09000013,27.9995
E09000016,E09000014,58.8582
E09000016,E09000015,25.1215
E09000016,E09000017,63.6975
E09000016,E09000018,21.8519
E09000016,E09000019,46.4377
E09000016,E09000020,24.2513
E09000016,E09000021,32.396
E09000016,E09000022,48.774
E09000016,E09000023,71.3308
E09000016,E09000024,41.5787
E09000016,E09000025,337.4852
E09000016,E09000026,601.467
E09000016,E09000027,25.9111
E09000016,E09000028,104.5739
E09000016,E09000029,16.6574
E09000016,E09000030,202.9226
E09000016,E09000031,182.4144
E09000016,E09000032,72.3096
E09000016,E09000033,48.4597
E09000017,E09000001,4.7558
E09000017,E09000002,85.9421
E09000017,E09000003,254.8396
E09000017,E09000004,82.7285
E09000017,E09000005,460.465
E09000017,E09000006,97.5826
E09000017,E09000007,181.2195
E09000017,E09000008,203.5069
E09000017,E09000009,1740.254
E09000017,E09000010,148.9034
E09000017,E09000011,120.9526
E09000017,E09000012,99.8427
E09000017,E09000013,208.0172
E09000017,E09000014,107.6332
E09000017,E09000015,1015.0997
E09000017,E09000016,66.1319
E09000017,E09000018,1143.5076
E09000017,E09000019,108.0839
E09000017,E09000020,83.104
E09000017,E09000021,146.9305
E09000017,E09000022,200.1799
E09000017,E09000023,118.4165
E09000017,E09000024,100.2684
E09000017,E09000025,179.5717
E09000017,E09000026,176.6697
E09000017,E09000027,156.529
E09000017,E09000028,178.6996
E09000017,E09000029,71.5443
E09000017,E09000030,161.8659
E09000017,E09000031,115.403
E09000017,E09000032,228.7218
E09000017,E09000033,178.8473
E09000018,E09000001,2.4321
E09000018,E09000002,57.8732
E09000018,E09000003,212.8544
E09000018,E09000004,58.2143
E09000018,E09000005,314.9401
E09000018,E09000006,82.908
E09000018,E09000007,145.3166
E09000018,E09000008,206.3435
E09000018,E09000009,2351.0698
E09000018,E09000010,70.068
E09000018,E09000011,86.8576
E09000018,E09000012,105.5241
E09000018,E09000013,487.0282
E09000018,E09000014,114.2885
E09000018,E09000015,202.7046
E09000018,E09000016,55.7352
E09000018,E09000017,1597.8216
E09000018,E09000019,104.4367
E09000018,E09000020,144.4763
E09000018,E09000021,393.2039
E09000018,E09000022,234.8915
E09000018,E09000023,123.7633
E09000018,E09000024,163.9073
E09000018,E09000025,157.2956
E09000018,E09000026,77.8354
E09000018,E09000027,1808.4988
E09000018,E09000028,192.0466
E09000018,E09000029,197.6352
E09000018,E09000030,162.3681
E09000018,E09000031,92.5367
E09000018,E09000032,431.0892
E09000018,E09000033,139.8913
E09000019,E09000001,114.0528
E09000019,E09000002,87.339
E09000019,E09000003,956.7064
E09000019,E09000004,76.1216
E09000019,E09000005,533.4659
E09000019,E09000006,195.8711
E09000019,E09000007,1920.8899
E09000019,E09000008,199.299
E09000019,E09000009,306.5409
E09000019,E09000010,661.0639
E09000019,E09000011,351.9932
E09000019,E09000012,2600.1496
E09000019,E09000013,401.1669
E09000019,E09000014,2345.4574
E09000019,E09000015,145.4981
E09000019,E09000016,111.7152
E09000019,E09000017,109.543
E09000019,E09000018,143.7134
E09000019,E09000020,300.1688
E09000019,E09000021,111.52
E09000019,E09000022,989.9974
E09000019,E09000023,534.9594
E09000019,E09000024,215.1274
E09000019,E09000025,476.2874
E09000019,E09000026,204.639
E09000019,E09000027,213.8895
E09000019,E09000028,975.5375
E09000019,E09000029,62.1716
E09000019,E09000030,1310.8205
E09000019,E09000031,902.2236
E09000019,E09000032,711.4381
E09000019,E09000033,713.5067
E09000020,E09000001,13.1402
E09000020,E09000002,31.3753
E09000020,E09000003,170.776
E09000020,E09000004,24.0961
E09000020,E09000005,548.9148
E09000020,E09000006,34.9992
E09000020,E09000007,436.2201
E09000020,E09000008,86.054
E09000020,E09000009,538.1249
E09000020,E09000010,67.6933
E09000020,E09000011,125.3848
E09000020,E09000012,240.1182
E09000020,E09000013,1925.6191
E09000020,E09000014,126.0751
E09000020,E09000015,128.2726
E09000020,E09000016,22.8851
E09000020,E09000017,153.9483
E09000020,E09000018,263.7381
E09000020,E09000019,279.1082
E09000020,E09000021,71.1482
E09000020,E09000022,379.1176
E09000020,E09000023,109.0293
E09000020,E09000024,230.3949
E09000020,E09000025,139.8364
E09000020,E09000026,54.655
E09000020,E09000027,309.5985
E09000020,E09000028,315.3197
E09000020,E09000029,30.9965
E09000020,E09000030,370.0608
E09000020,E09000031,79.4839
E09000020,E09000032,1017.8827
E09000020,E09000033,1448.6668
E09000021,E09000001,7.0704
E09000021,E09000002,34.8932
E09000021,E09000003,82.5951
E09000021,E09000004,40.9333
E09000021,E09000005,106.2926
E09000021,E09000006,77.8524
E09000021,E09000007,107.0452
E09000021,E09000008,213.3747
E09000021,E09000009,153.5459
E09000021,E09000010,66.9678
E09000021,E09000011,95.2691
E09000021,E09000012,108.1534
E09000021,E09000013,133.298
E09000021,E09000014,82.6459
E09000021,E09000015,37.9783
E09000021,E09000016,44.5525
E09000021,E09000017,119.7016
E09000021,E09000018,235.8361
E09000021,E09000019,106.1744
E09000021,E09000020,54.8918
E09000021,E09000022,288.2275
E09000021,E09000023,157.582
E09000021,E09000024,705.1353
E09000021,E09000025,86.9058
E09000021,E09000026,43.999
E09000021,E09000027,716.9908
E09000021,E09000028,198.0015
E09000021,E09000029,544.3377
E09000021,E09000030,149.3097
E09000021,E09000031,55.0786
E09000021,E09000032,564.3887
E09000021,E09000033,107.3896
E09000022,E09000001,46.6461
E09000022,E09000002,103.2527
E09000022,E09000003,311.7277
E09000022,E09000004,237.9128
E09000022,E09000005,422.3958
E09000022,E09000006,1081.2688
E09000022,E09000007,702.2368
E09000022,E09000008,3513.0598
E09000022,E09000009,408.4632
E09000022,E09000010,205.3533
E09000022,E09000011,661.147
E09000022,E09000012,936.4247
E09000022,E09000013,763.2086
E09000022,E09000014,677.8233
E09000022,E09000015,120.252
E09000022,E09000016,70.3278
E09000022,E09000017,172.017
E09000022,E09000018,233.6797
E09000022,E09000019,882.7666
E09000022,E09000020,360.4126
E09000022,E09000021,376.5925
E09000022,E09000023,1812.1283
E09000022,E09000024,1520.2041
E09000022,E09000025,532.0703
E09000022,E09000026,138.1389
E09000022,E09000027,472.6062
E09000022,E09000028,3785.7896
E09000022,E09000029,559.026
E09000022,E09000030,1000.8841
E09000022,E09000031,483.6644
E09000022,E09000032,4609.8059
E09000022,E09000033,634.9966
E09000023,E09000001,25.3428
E09000023,E09000002,150.9427
E09000023,E09000003,267.7866
E09000023,E09000004,1108.8942
E09000023,E09000005,233.5176
E09000023,E09000006,2774.9144
E09000023,E09000007,260.753
E09000023,E09000008,1277.6279
E09000023,E09000009,212.3641
E09000023,E09000010,196.7118
E09000023,E09000011,2489.5574
E09000023,E09000012,463.267
E09000023,E09000013,165.9058
E09000023,E09000014,290.7355
E09000023,E09000015,84.2895
E09000023,E09000016,106.2202
E09000023,E09000017,147.1866
E09000023,E09000018,158.7575
E09000023,E09000019,306.346
E09000023,E09000020,87.3717
E09000023,E09000021,157.2324
E09000023,E09000022,1177.6895
E09000023,E09000024,273.9971
E09000023,E09000025,490.1633
E09000023,E09000026,151.4518
E09000023,E09000027,174.8537
E09000023,E09000028,2452.1725
E09000023,E09000029,159.1095
E09000023,E09000030,583.1646
E09000023,E09000031,316.568
E09000023,E09000032,546.1116
E09000023,E09000033,183.301
E09000024,E09000001,8.4323
E09000024,E09000002,47.2735
E09000024,E09000003,140.2536
E09000024,E09000004,74.5738
E09000024,E09000005,140.9287
E09000024,E09000006,232.0745
E09000024,E09000007,150.5722
E09000024,E09000008,1618.4095
E09000024,E09000009,177.5791
E09000024,E09000010,62.1709
E09000024,E09000011,210.8428
E09000024,E09000012,116.6262
E09000024,E09000013,235.0946
E09000024,E09000014,134.2315
E09000024,E09000015,80.7354
E09000024,E09000016,34.095
E09000024,E09000017,106.3744
E09000024,E09000018,158.8556
E09000024,E09000019,137.6366
E09000024,E09000020,116.7696
E09000024,E09000021,1125.6959
E09000024,E09000022,900.9796
E09000024,E09000023,267.3807
E09000024,E09000025,184.5018
E09000024,E09000026,81.6592
E09000024,E09000027,244.8037
E09000024,E09000028,306.8472
E09000024,E09000029,2201.7303
E09000024,E09000030,233.2839
E09000024,E09000031,90.3702
E09000024,E09000032,1850.4441
E09000024,E09000033,121.0705
E09000025,E09000001,15.5739
E09000025,E09000002,3224.1356
E09000025,E09000003,424.311
E09000025,E09000004,437.1987
E09000025,E09000005,472.6847
E09000025,E09000006,295.4045
E09000025,E09000007,271.4258
E09000025,E09000008,414.121
E09000025,E09000009,399.0838
E09000025,E09000010,399.2344
E09000025,E09000011,904.4748
E09000025,E09000012,659.8503
E09000025,E09000013,242.1765
E09000025,E09000014,497.912
E09000025,E09000015,255.918
E09000025,E09000016,1522.6264
E09000025,E09000017,267.4829
E09000025,E09000018,220.8272
E09000025,E09000019,362.9269
E09000025,E09000020,96.1993
E09000025,E09000021,124.7038
E09000025,E09000022,418.3676
E09000025,E09000023,635.5666
E09000025,E09000024,213.9932
E09000025,E09000026,3903.6297
E09000025,E09000027,129.2425
E09000025,E09000028,603.8941
E09000025,E09000029,160.0867
E09000025,E09000030,1752.2259
E09000025,E09000031,1889.3681
E09000025,E09000032,371.8127
E09000025,E09000033,266.6663
E09000026,E09000001,8.6205
E09000026,E09000002,2819.5443
E09000026,E09000003,265.0289
E09000026,E09000004,184.1775
E09000026,E09000005,189.0345
E09000026,E09000006,134.0254
E09000026,E09000007,119.6274
E09000026,E09000008,183.5949
E09000026,E09000009,224.2758
E09000026,E09000010,286.9803
E09000026,E09000011,300.2901
E09000026,E09000012,310.0264
E09000026,E09000013,75.1567
E09000026,E09000014,236.91
E09000026,E09000015,169.2816
E09000026,E09000016,2305.0322
E09000026,E09000017,253.7923
E09000026,E09000018,143.4418
E09000026,E09000019,135.094
E09000026,E09000020,56.9982
E09000026,E09000021,77.0699
E09000026,E09000022,145.9824
E09000026,E09000023,192.0194
E09000026,E09000024,76.5799
E09000026,E09000025,1865.1645
E09000026,E09000027,42.8671
E09000026,E09000028,186.1762
E09000026,E09000029,72.6698
E09000026,E09000030,577.1508
E09000026,E09000031,1266.9955
E09000026,E09000032,134.7932
E09000026,E09000033,125.6445
E09000027,E09000001,9.8506
E09000027,E09000002,10.8624
E09000027,E09000003,84.0063
E09000027,E09000004,15.656
E09000027,E09000005,118.1778
E09000027,E09000006,91.7851
E09000027,E09000007,131.6405
E09000027,E09000008,108.9325
E09000027,E09000009,269.3041
E09000027,E09000010,31.636
E09000027,E09000011,78.1828
E09000027,E09000012,111.821
E09000027,E09000013,308.2984
E09000027,E09000014,94.9167
E09000027,E09000015,56.4173
E09000027,E09000016,39.2909
E09000027,E09000017,125.6701
E09000027,E09000018,1335.0566
E09000027,E09000019,93.418
E09000027,E09000020,130.9544
E09000027,E09000021,975.6435
E09000027,E09000022,318.554
E09000027,E09000023,103.7872
E09000027,E09000024,241.4764
E09000027,E09000025,47.3642
E09000027,E09000026,38.3164
E09000027,E09000028,183.742
E09000027,E09000029,117.689
E09000027,E09000030,138.4566
E09000027,E09000031,58.9056
E09000027,E09000032,733.5662
E09000027,E09000033,153.6273
E09000028,E09000001,73.571
E09000028,E09000002,202.6908
E09000028,E09000003,336.1677
E09000028,E09000004,523.4839
E09000028,E09000005,365.8935
E09000028,E09000006,1103.2003
E09000028,E09000007,762.7847
E09000028,E09000008,1263.6476
E09000028,E09000009,331.3865
E09000028,E09000010,170.3318
E09000028,E09000011,1300.6193
E09000028,E09000012,842.0576
E09000028,E09000013,454.8948
E09000028,E09000014,543.8583
E09000028,E09000015,163.0419
E09000028,E09000016,117.7728
E09000028,E09000017,179.2772
E09000028,E09000018,190.0761
E09000028,E09000019,774.005
E09000028,E09000020,328.9919
E09000028,E09000021,217.2677
E09000028,E09000022,3346.6702
E09000028,E09000023,3874.7567
E09000028,E09000024,412.1947
E09000028,E09000025,691.3658
E09000028,E09000026,196.4621
E09000028,E09000027,251.4356
E09000028,E09000029,181.9629
E09000028,E09000030,1326.8145
E09000028,E09000031,361.2808
E09000028,E09000032,1192.1205
E09000028,E09000033,611.1412
E09000029,E09000002,14.307
E09000029,E09000003,54.1697
E09000029,E09000004,40.1178
E09000029,E09000005,45.8153
E09000029,E09000006,112.4427
E09000029,E09000007,57.6012
E09000029,E09000008,1201.5511
E09000029,E09000009,56.7288
E09000029,E09000010,18.0357
E09000029,E09000011,52.604
E09000029,E09000012,31.2636
E09000029,E09000013,41.9204
E09000029,E09000014,25.2781
E09000029,E09000015,36.431
E09000029,E09000016,20.2536
E09000029,E09000017,58.5639
E09000029,E09000018,64.9176
E09000029,E09000019,34.6024
E09000029,E09000020,16.8527
E09000029,E09000021,481.4393
E09000029,E09000022,215.2499
E09000029,E09000023,91.4948
E09000029,E09000024,857.8283
E09000029,E09000025,37.0472
E09000029,E09000026,47.4227
E09000029,E09000027,101.3373
E09000029,E09000028,100.226
E09000029,E09000030,58.9253
E09000029,E09000031,34.9372
E09000029,E09000032,283.7889
E09000029,E09000033,42.0498
E09000030,E09000001,51.6763
E09000030,E09000002,780.9228
E09000030,E09000003,424.7758
E09000030,E09000004,254.6259
E09000030,E09000005,495.199
E09000030,E09000006,419.4593
E09000030,E09000007,734.4462
E09000030,E09000008,266.9686
E09000030,E09000009,403.0904
E09000030,E09000010,250.1016
E09000030,E09000011,1102.6177
E09000030,E09000012,2295.2737
E09000030,E09000013,532.5354
E09000030,E09000014,615.0495
E09000030,E09000015,164.6426
E09000030,E09000016,470.2125
E09000030,E09000017,136.721
E09000030,E09000018,198.1873
E09000030,E09000019,1163.2371
E09000030,E09000020,326.6677
E09000030,E09000021,148.8224
E09000030,E09000022,918.1914
E09000030,E09000023,1126.6506
E09000030,E09000024,305.9971
E09000030,E09000025,2634.28
E09000030,E09000026,1122.6219
E09000030,E09000027,239.6559
E09000030,E09000028,1432.7871
E09000030,E09000029,119.4666
E09000030,E09000031,995.6261
E09000030,E09000032,786.6622
E09000030,E09000033,660.7567
E09000031,E09000001,7.3402
E09000031,E09000002,973.2943
E09000031,E09000003,372.857
E09000031,E09000004,164.0171
E09000031,E09000005,424.674
E09000031,E09000006,148.3374
E09000031,E09000007,206.0195
E09000031,E09000008,225.4588
E09000031,E09000009,238.7554
E09000031,E09000010,935.4447
E09000031,E09000011,367.535
E09000031,E09000012,795.0313
E09000031,E09000013,132.4817
E09000031,E09000014,861.9491
E09000031,E09000015,115.4762
E09000031,E09000016,702.5541
E09000031,E09000017,183.7498
E09000031,E09000018,91.9311
E09000031,E09000019,313.2052
E09000031,E09000020,69.6062
E09000031,E09000021,64.244
E09000031,E09000022,309.519
E09000031,E09000023,341.2668
E09000031,E09000024,116.811
E09000031,E09000025,1922.4866
E09000031,E09000026,2455.1401
E09000031,E09000027,61.8695
E09000031,E09000028,276.6194
E09000031,E09000029,80.1834
E09000031,E09000030,576.3833
E09000031,E09000032,282.1993
E09000031,E09000033,184.1644
E09000032,E09000001,27.7602
E09000032,E09000002,93.7973
E09000032,E09000003,301.8478
E09000032,E09000004,111.0977
E09000032,E09000005,405.0386
E09000032,E09000006,524.8402
E09000032,E09000007,516.0128
E09000032,E09000008,1496.6819
E09000032,E09000009,601.284
E09000032,E09000010,150.4316
E09000032,E09000011,434.6672
E09000032,E09000012,596.3481
E09000032,E09000013,1252.2549
E09000032,E09000014,416.291
E09000032,E09000015,144.6567
E09000032,E09000016,69.7671
E09000032,E09000017,195.3647
E09000032,E09000018,489.304
E09000032,E09000019,630.989
E09000032,E09000020,449.5364
E09000032,E09000021,1118.6483
E09000032,E09000022,4026.3992
E09000032,E09000023,743.7531
E09000032,E09000024,3233.2315
E09000032,E09000025,361.585
E09000032,E09000026,158.9724
E09000032,E09000027,1271.1863
E09000032,E09000028,1307.0505
E09000032,E09000029,853.4857
E09000032,E09000030,660.3017
E09000032,E09000031,256.5632
E09000032,E09000033,520.4786
E09000033,E09000001,55.0389
E09000033,E09000002,100.5018
E09000033,E09000003,697.0441
E09000033,E09000004,50.3279
E09000033,E09000005,1502.837
E09000033,E09000006,136.3574
E09000033,E09000007,1928.085
E09000033,E09000008,155.0893
E09000033,E09000009,807.6984
E09000033,E09000010,159.8687
E09000033,E09000011,261.2482
E09000033,E09000012,495.9103
E09000033,E09000013,1530.1082
E09000033,E09000014,420.8052
E09000033,E09000015,259.9131
E09000033,E09000016,68.1545
E09000033,E09000017,265.9011
E09000033,E09000018,276.1218
E09000033,E09000019,818.8546
E09000033,E09000020,2168.2076
E09000033,E09000021,134.4584
E09000033,E09000022,898.0976
E09000033,E09000023,320.1191
E09000033,E09000024,301.1351
E09000033,E09000025,314.5747
E09000033,E09000026,129.1757
E09000033,E09000027,304.3798
E09000033,E09000028,756.9878
E09000033,E09000029,87.5666
E09000033,E09000030,707.0135
E09000033,E09000031,207.6753
E09000033,E09000032,1104.5294