areaType,areaName,areaCode,date,newCasesBySpecimenDate,cumCasesBySpecimenDate,newFirstEpisodesBySpecimenDate,cumFirstEpisodesBySpecimenDate,newReinfectionsBySpecimenDate,cumReinfectionsBySpecimenDate
ltla,Lewisham,E09000023,2023-04-12,4,104921,2,97227,2,7694
ltla,Lewisham,E09000023,2023-04-11,6,104917,3,97225,3,7692
ltla,Lewisham,E09000023,2023-04-10,2,104911,2,97222,0,7689
ltla,Lewisham,E09000023,2023-04-09,2,104909,2,97220,0,7689
ltla,Lewisham,E09000023,2023-04-08,7,104907,5,97218,2,7689
ltla,Lewisham,E09000023,2023-04-07,3,104900,2,97213,1,7687
ltla,Lewisham,E09000023,2023-04-06,5,104897,2,97211,3,7686
ltla,Lewisham,E09000023,2023-04-05,4,104892,2,97209,2,7683
ltla,Lewisham,E09000023,2023-04-04,10,104888,5,97207,5,7681
ltla,Lewisham,E09000023,2023-04-03,8,104878,5,97202,3,7676
ltla,Lewisham,E09000023,2023-04-02,10,104870,6,97197,4,7673
ltla,Lewisham,E09000023,2023-04-01,8,104860,7,97191,1,7669
ltla,Lewisham,E09000023,2023-03-31,8,104852,3,97184,5,7668
ltla,Lewisham,E09000023,2023-03-30,6,104844,6,97181,0,7663
ltla,Lewisham,E09000023,2023-03-29,10,104838,7,97175,3,7663
ltla,Lewisham,E09000023,2023-03-28,10,104828,4,97168,6,7660
ltla,Lewisham,E09000023,2023-03-27,6,104818,2,97164,4,7654
ltla,Lewisham,E09000023,2023-03-26,10,104812,5,97162,5,7650
ltla,Lewisham,E09000023,2023-03-25,12,104802,9,97157,3,7645
ltla,Lewisham,E09000023,2023-03-24,5,104790,2,97148,3,7642
ltla,Lewisham,E09000023,2023-03-23,7,104785,4,97146,3,7639
ltla,Lewisham,E09000023,2023-03-22,13,104778,6,97142,7,7636
ltla,Lewisham,E09000023,2023-03-21,10,104765,9,97136,1,7629
ltla,Lewisham,E09000023,2023-03-20,10,104755,7,97127,3,7628
ltla,Lewisham,E09000023,2023-03-19,7,104745,3,97120,4,7625
ltla,Lewisham,E09000023,2023-03-18,8,104738,4,97117,4,7621
ltla,Lewisham,E09000023,2023-03-17,12,104730,8,97113,4,7617
ltla,Lewisham,E09000023,2023-03-16,14,104718,8,97105,6,7613
ltla,Lewisham,E09000023,2023-03-15,14,104704,9,97097,5,7607
ltla,Lewisham,E09000023,2023-03-14,10,104690,6,97088,4,7602
ltla,Lewisham,E09000023,2023-03-13,23,104680,19,97082,4,7598
ltla,Lewisham,E09000023,2023-03-12,13,104657,6,97063,7,7594
ltla,Lewisham,E09000023,2023-03-11,10,104644,5,97057,5,7587
ltla,Lewisham,E09000023,2023-03-10,10,104634,5,97052,5,7582
ltla,Lewisham,E09000023,2023-03-09,18,104624,11,97047,7,7577
ltla,Lewisham,E09000023,2023-03-08,10,104606,4,97036,6,7570
ltla,Lewisham,E09000023,2023-03-07,16,104596,12,97032,4,7564
ltla,Lewisham,E09000023,2023-03-06,24,104580,14,97020,10,7560
ltla,Lewisham,E09000023,2023-03-05,8,104556,1,97006,7,7550
ltla,Lewisham,E09000023,2023-03-04,17,104548,10,97005,7,7543
ltla,Lewisham,E09000023,2023-03-03,6,104531,3,96995,3,7536
ltla,Lewisham,E09000023,2023-03-02,13,104525,4,96992,9,7533
ltla,Lewisham,E09000023,2023-03-01,13,104512,6,96988,7,7524
ltla,Lewisham,E09000023,2023-02-28,21,104499,11,96982,10,7517
ltla,Lewisham,E09000023,2023-02-27,21,104478,8,96971,13,7507
ltla,Lewisham,E09000023,2023-02-26,9,104457,4,96963,5,7494
ltla,Lewisham,E09000023,2023-02-25,14,104448,7,96959,7,7489
ltla,Lewisham,E09000023,2023-02-24,7,104434,4,96952,3,7482
ltla,Lewisham,E09000023,2023-02-23,7,104427,2,96948,5,7479
ltla,Lewisham,E09000023,2023-02-22,10,104420,6,96946,4,7474
ltla,Lewisham,E09000023,2023-02-21,24,104410,19,96940,5,7470
ltla,Lewisham,E09000023,2023-02-20,17,104386,6,96921,11,7465
ltla,Lewisham,E09000023,2023-02-19,16,104369,7,96915,9,7454
ltla,Lewisham,E09000023,2023-02-18,15,104353,10,96908,5,7445
ltla,Lewisham,E09000023,2023-02-17,19,104338,14,96898,5,7440
ltla,Lewisham,E09000023,2023-02-16,16,104319,12,96884,4,7435
ltla,Lewisham,E09000023,2023-02-15,12,104303,4,96872,8,7431
ltla,Lewisham,E09000023,2023-02-14,21,104291,14,96868,7,7423
ltla,Lewisham,E09000023,2023-02-13,43,104270,28,96854,15,7416
ltla,Lewisham,E09000023,2023-02-12,11,104227,3,96826,8,7401
ltla,Lewisham,E09000023,2023-02-11,9,104216,4,96823,5,7393
ltla,Lewisham,E09000023,2023-02-10,17,104207,8,96819,9,7388
ltla,Lewisham,E09000023,2023-02-09,10,104190,3,96811,7,7379
ltla,Lewisham,E09000023,2023-02-08,9,104180,7,96808,2,7372
ltla,Lewisham,E09000023,2023-02-07,11,104171,5,96801,6,7370
ltla,Lewisham,E09000023,2023-02-06,12,104160,9,96796,3,7364
ltla,Lewisham,E09000023,2023-02-05,11,104148,2,96787,9,7361
ltla,Lewisham,E09000023,2023-02-04,7,104137,2,96785,5,7352
ltla,Lewisham,E09000023,2023-02-03,14,104130,7,96783,7,7347
ltla,Lewisham,E09000023,2023-02-02,10,104116,7,96776,3,7340
ltla,Lewisham,E09000023,2023-02-01,11,104106,5,96769,6,7337
ltla,Lewisham,E09000023,2023-01-31,13,104095,7,96764,6,7331
ltla,Lewisham,E09000023,2023-01-30,11,104082,10,96757,1,7325
ltla,Lewisham,E09000023,2023-01-29,5,104071,2,96747,3,7324
ltla,Lewisham,E09000023,2023-01-28,0,104066,0,96745,0,7321
ltla,Lewisham,E09000023,2023-01-27,7,104066,5,96745,2,7321
ltla,Lewisham,E09000023,2023-01-26,9,104059,4,96740,5,7319
ltla,Lewisham,E09000023,2023-01-25,9,104050,5,96736,4,7314
ltla,Lewisham,E09000023,2023-01-24,15,104041,10,96731,5,7310
ltla,Lewisham,E09000023,2023-01-23,9,104026,4,96721,5,7305
ltla,Lewisham,E09000023,2023-01-22,5,104017,4,96717,1,7300
ltla,Lewisham,E09000023,2023-01-21,4,104012,3,96713,1,7299
ltla,Lewisham,E09000023,2023-01-20,2,104008,2,96710,0,7298
ltla,Lewisham,E09000023,2023-01-19,13,104006,6,96708,7,7298
ltla,Lewisham,E09000023,2023-01-18,4,103993,2,96702,2,7291
ltla,Lewisham,E09000023,2023-01-17,11,103989,5,96700,6,7289
ltla,Lewisham,E09000023,2023-01-16,7,103978,2,96695,5,7283
ltla,Lewisham,E09000023,2023-01-15,8,103971,5,96693,3,7278
ltla,Lewisham,E09000023,2023-01-14,3,103963,1,96688,2,7275
ltla,Lewisham,E09000023,2023-01-13,4,103960,2,96687,2,7273
ltla,Lewisham,E09000023,2023-01-12,3,103956,2,96685,1,7271
ltla,Lewisham,E09000023,2023-01-11,7,103953,4,96683,3,7270
ltla,Lewisham,E09000023,2023-01-10,8,103946,2,96679,6,7267
ltla,Lewisham,E09000023,2023-01-09,9,103938,7,96677,2,7261
ltla,Lewisham,E09000023,2023-01-08,12,103929,4,96670,8,7259
ltla,Lewisham,E09000023,2023-01-07,6,103917,4,96666,2,7251
ltla,Lewisham,E09000023,2023-01-06,9,103911,5,96662,4,7249
ltla,Lewisham,E09000023,2023-01-05,10,103902,7,96657,3,7245
ltla,Lewisham,E09000023,2023-01-04,17,103892,6,96650,11,7242
ltla,Lewisham,E09000023,2023-01-03,10,103875,9,96644,1,7231
ltla,Lewisham,E09000023,2023-01-02,24,103865,14,96635,10,7230
ltla,Lewisham,E09000023,2023-01-01,12,103841,7,96621,5,7220
ltla,Lewisham,E09000023,2022-12-31,11,103829,7,96614,4,7215
ltla,Lewisham,E09000023,2022-12-30,17,103818,9,96607,8,7211
ltla,Lewisham,E09000023,2022-12-29,24,103801,15,96598,9,7203
ltla,Lewisham,E09000023,2022-12-28,17,103777,11,96583,6,7194
ltla,Lewisham,E09000023,2022-12-27,16,103760,7,96572,9,7188
ltla,Lewisham,E09000023,2022-12-26,15,103744,9,96565,6,7179
ltla,Lewisham,E09000023,2022-12-25,16,103729,14,96556,2,7173
ltla,Lewisham,E09000023,2022-12-24,14,103713,12,96542,2,7171
ltla,Lewisham,E09000023,2022-12-23,16,103699,15,96530,1,7169
ltla,Lewisham,E09000023,2022-12-22,24,103683,17,96515,7,7168
ltla,Lewisham,E09000023,2022-12-21,22,103659,13,96498,9,7161
ltla,Lewisham,E09000023,2022-12-20,25,103637,14,96485,11,7152
ltla,Lewisham,E09000023,2022-12-19,21,103612,15,96471,6,7141
ltla,Lewisham,E09000023,2022-12-18,22,103591,12,96456,10,7135
ltla,Lewisham,E09000023,2022-12-17,8,103569,5,96444,3,7125
ltla,Lewisham,E09000023,2022-12-16,20,103561,12,96439,8,7122
ltla,Lewisham,E09000023,2022-12-15,27,103541,19,96427,8,7114
ltla,Lewisham,E09000023,2022-12-14,24,103514,12,96408,12,7106
ltla,Lewisham,E09000023,2022-12-13,21,103490,11,96396,10,7094
ltla,Lewisham,E09000023,2022-12-12,27,103469,13,96385,14,7084
ltla,Lewisham,E09000023,2022-12-11,15,103442,13,96372,2,7070
ltla,Lewisham,E09000023,2022-12-10,13,103427,11,96359,2,7068
ltla,Lewisham,E09000023,2022-12-09,14,103414,8,96348,6,7066
ltla,Lewisham,E09000023,2022-12-08,15,103400,9,96340,6,7060
ltla,Lewisham,E09000023,2022-12-07,8,103385,2,96331,6,7054
ltla,Lewisham,E09000023,2022-12-06,24,103377,10,96329,14,7048
ltla,Lewisham,E09000023,2022-12-05,20,103353,16,96319,4,7034
ltla,Lewisham,E09000023,2022-12-04,15,103333,7,96303,8,7030
ltla,Lewisham,E09000023,2022-12-03,8,103318,3,96296,5,7022
ltla,Lewisham,E09000023,2022-12-02,12,103310,9,96293,3,7017
ltla,Lewisham,E09000023,2022-12-01,17,103298,8,96284,9,7014
ltla,Lewisham,E09000023,2022-11-30,16,103281,8,96276,8,7005
ltla,Lewisham,E09000023,2022-11-29,18,103265,10,96268,8,6997
ltla,Lewisham,E09000023,2022-11-28,29,103247,19,96258,10,6989
ltla,Lewisham,E09000023,2022-11-27,27,103218,22,96239,5,6979
ltla,Lewisham,E09000023,2022-11-26,5,103191,5,96217,0,6974
ltla,Lewisham,E09000023,2022-11-25,13,103186,4,96212,9,6974
ltla,Lewisham,E09000023,2022-11-24,14,103173,8,96208,6,6965
ltla,Lewisham,E09000023,2022-11-23,11,103159,8,96200,3,6959
ltla,Lewisham,E09000023,2022-11-22,21,103148,13,96192,8,6956
ltla,Lewisham,E09000023,2022-11-21,23,103127,15,96179,8,6948
ltla,Lewisham,E09000023,2022-11-20,12,103104,6,96164,6,6940
ltla,Lewisham,E09000023,2022-11-19,10,103092,7,96158,3,6934
ltla,Lewisham,E09000023,2022-11-18,17,103082,10,96151,7,6931
ltla,Lewisham,E09000023,2022-11-17,10,103065,8,96141,2,6924
ltla,Lewisham,E09000023,2022-11-16,10,103055,7,96133,3,6922
ltla,Lewisham,E09000023,2022-11-15,9,103045,6,96126,3,6919
ltla,Lewisham,E09000023,2022-11-14,13,103036,9,96120,4,6916
ltla,Lewisham,E09000023,2022-11-13,14,103023,8,96111,6,6912
ltla,Lewisham,E09000023,2022-11-12,8,103009,4,96103,4,6906
ltla,Lewisham,E09000023,2022-11-11,11,103001,6,96099,5,6902
ltla,Lewisham,E09000023,2022-11-10,10,102990,6,96093,4,6897
ltla,Lewisham,E09000023,2022-11-09,5,102980,4,96087,1,6893
ltla,Lewisham,E09000023,2022-11-08,10,102975,6,96083,4,6892
ltla,Lewisham,E09000023,2022-11-07,13,102965,8,96077,5,6888
ltla,Lewisham,E09000023,2022-11-06,15,102952,8,96069,7,6883
ltla,Lewisham,E09000023,2022-11-05,8,102937,6,96061,2,6876
ltla,Lewisham,E09000023,2022-11-04,13,102929,9,96055,4,6874
ltla,Lewisham,E09000023,2022-11-03,14,102916,5,96046,9,6870
ltla,Lewisham,E09000023,2022-11-02,8,102902,4,96041,4,6861
ltla,Lewisham,E09000023,2022-11-01,15,102894,11,96037,4,6857
ltla,Lewisham,E09000023,2022-10-31,19,102879,13,96026,6,6853
ltla,Lewisham,E09000023,2022-10-30,20,102860,13,96013,7,6847
ltla,Lewisham,E09000023,2022-10-29,14,102840,13,96000,1,6840
ltla,Lewisham,E09000023,2022-10-28,23,102826,13,95987,10,6839
ltla,Lewisham,E09000023,2022-10-27,11,102803,9,95974,2,6829
ltla,Lewisham,E09000023,2022-10-26,14,102792,9,95965,5,6827
ltla,Lewisham,E09000023,2022-10-25,18,102778,13,95956,5,6822
ltla,Lewisham,E09000023,2022-10-24,23,102760,17,95943,6,6817
ltla,Lewisham,E09000023,2022-10-23,16,102737,8,95926,8,6811
ltla,Lewisham,E09000023,2022-10-22,14,102721,9,95918,5,6803
ltla,Lewisham,E09000023,2022-10-21,22,102707,15,95909,7,6798
ltla,Lewisham,E09000023,2022-10-20,19,102685,8,95894,11,6791
ltla,Lewisham,E09000023,2022-10-19,24,102666,15,95886,9,6780
ltla,Lewisham,E09000023,2022-10-18,23,102642,15,95871,8,6771
ltla,Lewisham,E09000023,2022-10-17,26,102619,18,95856,8,6763
ltla,Lewisham,E09000023,2022-10-16,25,102593,18,95838,7,6755
ltla,Lewisham,E09000023,2022-10-15,26,102568,15,95820,11,6748
ltla,Lewisham,E09000023,2022-10-14,26,102542,18,95805,8,6737
ltla,Lewisham,E09000023,2022-10-13,18,102516,10,95787,8,6729
ltla,Lewisham,E09000023,2022-10-12,19,102498,15,95777,4,6721
ltla,Lewisham,E09000023,2022-10-11,33,102479,20,95762,13,6717
ltla,Lewisham,E09000023,2022-10-10,28,102446,19,95742,9,6704
ltla,Lewisham,E09000023,2022-10-09,24,102418,12,95723,12,6695
ltla,Lewisham,E09000023,2022-10-08,30,102394,22,95711,8,6683
ltla,Lewisham,E09000023,2022-10-07,23,102364,16,95689,7,6675
ltla,Lewisham,E09000023,2022-10-06,27,102341,20,95673,7,6668
ltla,Lewisham,E09000023,2022-10-05,28,102314,17,95653,11,6661
ltla,Lewisham,E09000023,2022-10-04,35,102286,24,95636,11,6650
ltla,Lewisham,E09000023,2022-10-03,34,102251,23,95612,11,6639
ltla,Lewisham,E09000023,2022-10-02,28,102217,16,95589,12,6628
ltla,Lewisham,E09000023,2022-10-01,19,102189,13,95573,6,6616
ltla,Lewisham,E09000023,2022-09-30,16,102170,11,95560,5,6610
ltla,Lewisham,E09000023,2022-09-29,22,102154,18,95549,4,6605
ltla,Lewisham,E09000023,2022-09-28,22,102132,12,95531,10,6601
ltla,Lewisham,E09000023,2022-09-27,17,102110,9,95519,8,6591
ltla,Lewisham,E09000023,2022-09-26,21,102093,13,95510,8,6583
ltla,Lewisham,E09000023,2022-09-25,17,102072,12,95497,5,6575
ltla,Lewisham,E09000023,2022-09-24,20,102055,17,95485,3,6570
ltla,Lewisham,E09000023,2022-09-23,18,102035,14,95468,4,6567
ltla,Lewisham,E09000023,2022-09-22,25,102017,16,95454,9,6563
ltla,Lewisham,E09000023,2022-09-21,26,101992,20,95438,6,6554
ltla,Lewisham,E09000023,2022-09-20,14,101966,11,95418,3,6548
ltla,Lewisham,E09000023,2022-09-19,18,101952,13,95407,5,6545
ltla,Lewisham,E09000023,2022-09-18,13,101934,9,95394,4,6540
ltla,Lewisham,E09000023,2022-09-17,5,101921,1,95385,4,6536
ltla,Lewisham,E09000023,2022-09-16,9,101916,5,95384,4,6532
ltla,Lewisham,E09000023,2022-09-15,21,101907,17,95379,4,6528
ltla,Lewisham,E09000023,2022-09-14,13,101886,10,95362,3,6524
ltla,Lewisham,E09000023,2022-09-13,20,101873,11,95352,9,6521
ltla,Lewisham,E09000023,2022-09-12,12,101853,7,95341,5,6512
ltla,Lewisham,E09000023,2022-09-11,12,101841,9,95334,3,6507
ltla,Lewisham,E09000023,2022-09-10,8,101829,7,95325,1,6504
ltla,Lewisham,E09000023,2022-09-09,6,101821,3,95318,3,6503
ltla,Lewisham,E09000023,2022-09-08,15,101815,10,95315,5,6500
ltla,Lewisham,E09000023,2022-09-07,15,101800,9,95305,6,6495
ltla,Lewisham,E09000023,2022-09-06,15,101785,11,95296,4,6489
ltla,Lewisham,E09000023,2022-09-05,15,101770,8,95285,7,6485
ltla,Lewisham,E09000023,2022-09-04,15,101755,10,95277,5,6478
ltla,Lewisham,E09000023,2022-09-03,5,101740,4,95267,1,6473
ltla,Lewisham,E09000023,2022-09-02,10,101735,8,95263,2,6472
ltla,Lewisham,E09000023,2022-09-01,9,101725,5,95255,4,6470
ltla,Lewisham,E09000023,2022-08-31,12,101716,7,95250,5,6466
ltla,Lewisham,E09000023,2022-08-30,18,101704,11,95243,7,6461
ltla,Lewisham,E09000023,2022-08-29,16,101686,10,95232,6,6454
ltla,Lewisham,E09000023,2022-08-28,14,101670,8,95222,6,6448
ltla,Lewisham,E09000023,2022-08-27,4,101656,4,95214,0,6442
ltla,Lewisham,E09000023,2022-08-26,3,101652,2,95210,1,6442
ltla,Lewisham,E09000023,2022-08-25,11,101649,9,95208,2,6441
ltla,Lewisham,E09000023,2022-08-24,12,101638,3,95199,9,6439
ltla,Lewisham,E09000023,2022-08-23,12,101626,7,95196,5,6430
ltla,Lewisham,E09000023,2022-08-22,7,101614,7,95189,0,6425
ltla,Lewisham,E09000023,2022-08-21,17,101607,12,95182,5,6425
ltla,Lewisham,E09000023,2022-08-20,7,101590,4,95170,3,6420
ltla,Lewisham,E09000023,2022-08-19,8,101583,6,95166,2,6417
ltla,Lewisham,E09000023,2022-08-18,12,101575,7,95160,5,6415
ltla,Lewisham,E09000023,2022-08-17,16,101563,12,95153,4,6410
ltla,Lewisham,E09000023,2022-08-16,15,101547,12,95141,3,6406
ltla,Lewisham,E09000023,2022-08-15,17,101532,15,95129,2,6403
ltla,Lewisham,E09000023,2022-08-14,12,101515,10,95114,2,6401
ltla,Lewisham,E09000023,2022-08-13,18,101503,10,95104,8,6399
ltla,Lewisham,E09000023,2022-08-12,13,101485,7,95094,6,6391
ltla,Lewisham,E09000023,2022-08-11,29,101472,20,95087,9,6385
ltla,Lewisham,E09000023,2022-08-10,15,101443,13,95067,2,6376
ltla,Lewisham,E09000023,2022-08-09,19,101428,14,95054,5,6374
ltla,Lewisham,E09000023,2022-08-08,30,101409,25,95040,5,6369
ltla,Lewisham,E09000023,2022-08-07,26,101379,23,95015,3,6364
ltla,Lewisham,E09000023,2022-08-06,16,101353,14,94992,2,6361
ltla,Lewisham,E09000023,2022-08-05,23,101337,14,94978,9,6359
ltla,Lewisham,E09000023,2022-08-04,31,101314,23,94964,8,6350
ltla,Lewisham,E09000023,2022-08-03,21,101283,14,94941,7,6342
ltla,Lewisham,E09000023,2022-08-02,27,101262,19,94927,8,6335
ltla,Lewisham,E09000023,2022-08-01,40,101235,30,94908,10,6327
ltla,Lewisham,E09000023,2022-07-31,23,101195,19,94878,4,6317
ltla,Lewisham,E09000023,2022-07-30,30,101172,24,94859,6,6313
ltla,Lewisham,E09000023,2022-07-29,31,101142,22,94835,9,6307
ltla,Lewisham,E09000023,2022-07-28,41,101111,27,94813,14,6298
ltla,Lewisham,E09000023,2022-07-27,49,101070,32,94786,17,6284
ltla,Lewisham,E09000023,2022-07-26,48,101021,37,94754,11,6267
ltla,Lewisham,E09000023,2022-07-25,56,100973,39,94717,17,6256
ltla,Lewisham,E09000023,2022-07-24,36,100917,26,94678,10,6239
ltla,Lewisham,E09000023,2022-07-23,35,100881,27,94652,8,6229
ltla,Lewisham,E09000023,2022-07-22,57,100846,44,94625,13,6221
ltla,Lewisham,E09000023,2022-07-21,63,100789,48,94581,15,6208
ltla,Lewisham,E09000023,2022-07-20,71,100726,51,94533,20,6193
ltla,Lewisham,E09000023,2022-07-19,71,100655,50,94482,21,6173
ltla,Lewisham,E09000023,2022-07-18,71,100584,48,94432,23,6152
ltla,Lewisham,E09000023,2022-07-17,75,100513,56,94384,19,6129
ltla,Lewisham,E09000023,2022-07-16,51,100438,40,94328,11,6110
ltla,Lewisham,E09000023,2022-07-15,79,100387,55,94288,24,6099
ltla,Lewisham,E09000023,2022-07-14,74,100308,54,94233,20,6075
ltla,Lewisham,E09000023,2022-07-13,105,100234,75,94179,30,6055
ltla,Lewisham,E09000023,2022-07-12,116,100129,84,94104,32,6025
ltla,Lewisham,E09000023,2022-07-11,125,100013,98,94020,27,5993
ltla,Lewisham,E09000023,2022-07-10,109,99888,83,93922,26,5966
ltla,Lewisham,E09000023,2022-07-09,83,99779,65,93839,18,5940
ltla,Lewisham,E09000023,2022-07-08,104,99696,89,93774,15,5922
ltla,Lewisham,E09000023,2022-07-07,139,99592,104,93685,35,5907
ltla,Lewisham,E09000023,2022-07-06,135,99453,99,93581,36,5872
ltla,Lewisham,E09000023,2022-07-05,148,99318,109,93482,39,5836
ltla,Lewisham,E09000023,2022-07-04,159,99170,122,93373,37,5797
ltla,Lewisham,E09000023,2022-07-03,114,99011,95,93251,19,5760
ltla,Lewisham,E09000023,2022-07-02,93,98897,74,93156,19,5741
ltla,Lewisham,E09000023,2022-07-01,105,98804,83,93082,22,5722
ltla,Lewisham,E09000023,2022-06-30,117,98699,89,92999,28,5700
ltla,Lewisham,E09000023,2022-06-29,108,98582,79,92910,29,5672
ltla,Lewisham,E09000023,2022-06-28,104,98474,72,92831,32,5643
ltla,Lewisham,E09000023,2022-06-27,111,98370,82,92759,29,5611
ltla,Lewisham,E09000023,2022-06-26,70,98259,54,92677,16,5582
ltla,Lewisham,E09000023,2022-06-25,78,98189,63,92623,15,5566
ltla,Lewisham,E09000023,2022-06-24,50,98111,36,92560,14,5551
ltla,Lewisham,E09000023,2022-06-23,99,98061,74,92524,25,5537
ltla,Lewisham,E09000023,2022-06-22,99,97962,81,92450,18,5512
ltla,Lewisham,E09000023,2022-06-21,96,97863,82,92369,14,5494
ltla,Lewisham,E09000023,2022-06-20,103,97767,79,92287,24,5480
ltla,Lewisham,E09000023,2022-06-19,73,97664,57,92208,16,5456
ltla,Lewisham,E09000023,2022-06-18,65,97591,54,92151,11,5440
ltla,Lewisham,E09000023,2022-06-17,43,97526,36,92097,7,5429
ltla,Lewisham,E09000023,2022-06-16,68,97483,55,92061,13,5422
ltla,Lewisham,E09000023,2022-06-15,81,97415,62,92006,19,5409
ltla,Lewisham,E09000023,2022-06-14,85,97334,73,91944,12,5390
ltla,Lewisham,E09000023,2022-06-13,77,97249,58,91871,19,5378
ltla,Lewisham,E09000023,2022-06-12,67,97172,56,91813,11,5359
ltla,Lewisham,E09000023,2022-06-11,59,97105,47,91757,12,5348
ltla,Lewisham,E09000023,2022-06-10,50,97046,37,91710,13,5336
ltla,Lewisham,E09000023,2022-06-09,62,96996,49,91673,13,5323
ltla,Lewisham,E09000023,2022-06-08,65,96934,56,91624,9,5310
ltla,Lewisham,E09000023,2022-06-07,70,96869,55,91568,15,5301
ltla,Lewisham,E09000023,2022-06-06,69,96799,51,91513,18,5286
ltla,Lewisham,E09000023,2022-06-05,43,96730,40,91462,3,5268
ltla,Lewisham,E09000023,2022-06-04,37,96687,32,91422,5,5265
ltla,Lewisham,E09000023,2022-06-03,33,96650,26,91390,7,5260
ltla,Lewisham,E09000023,2022-06-02,22,96617,17,91364,5,5253
ltla,Lewisham,E09000023,2022-06-01,30,96595,22,91347,8,5248
ltla,Lewisham,E09000023,2022-05-31,44,96565,40,91325,4,5240
ltla,Lewisham,E09000023,2022-05-30,39,96521,33,91285,6,5236
ltla,Lewisham,E09000023,2022-05-29,29,96482,25,91252,4,5230
ltla,Lewisham,E09000023,2022-05-28,16,96453,10,91227,6,5226
ltla,Lewisham,E09000023,2022-05-27,21,96437,19,91217,2,5220
ltla,Lewisham,E09000023,2022-05-26,32,96416,25,91198,7,5218
ltla,Lewisham,E09000023,2022-05-25,26,96384,22,91173,4,5211
ltla,Lewisham,E09000023,2022-05-24,33,96358,24,91151,9,5207
ltla,Lewisham,E09000023,2022-05-23,49,96325,40,91127,9,5198
ltla,Lewisham,E09000023,2022-05-22,22,96276,19,91087,3,5189
ltla,Lewisham,E09000023,2022-05-21,21,96254,16,91068,5,5186
ltla,Lewisham,E09000023,2022-05-20,26,96233,21,91052,5,5181
ltla,Lewisham,E09000023,2022-05-19,33,96207,28,91031,5,5176
ltla,Lewisham,E09000023,2022-05-18,32,96174,26,91003,6,5171
ltla,Lewisham,E09000023,2022-05-17,29,96142,21,90977,8,5165
ltla,Lewisham,E09000023,2022-05-16,38,96113,33,90956,5,5157
ltla,Lewisham,E09000023,2022-05-15,37,96075,30,90923,7,5152
ltla,Lewisham,E09000023,2022-05-14,28,96038,21,90893,7,5145
ltla,Lewisham,E09000023,2022-05-13,26,96010,20,90872,6,5138
ltla,Lewisham,E09000023,2022-05-12,38,95984,31,90852,7,5132
ltla,Lewisham,E09000023,2022-05-11,31,95946,24,90821,7,5125
ltla,Lewisham,E09000023,2022-05-10,48,95915,42,90797,6,5118
ltla,Lewisham,E09000023,2022-05-09,36,95867,30,90755,6,5112
ltla,Lewisham,E09000023,2022-05-08,35,95831,30,90725,5,5106
ltla,Lewisham,E09000023,2022-05-07,29,95796,24,90695,5,5101
ltla,Lewisham,E09000023,2022-05-06,32,95767,27,90671,5,5096
ltla,Lewisham,E09000023,2022-05-05,50,95735,40,90644,10,5091
ltla,Lewisham,E09000023,2022-05-04,58,95685,47,90604,11,5081
ltla,Lewisham,E09000023,2022-05-03,57,95627,48,90557,9,5070
ltla,Lewisham,E09000023,2022-05-02,43,95570,35,90509,8,5061
ltla,Lewisham,E09000023,2022-05-01,35,95527,31,90474,4,5053
ltla,Lewisham,E09000023,2022-04-30,29,95492,25,90443,4,5049
ltla,Lewisham,E09000023,2022-04-29,39,95463,29,90418,10,5045
ltla,Lewisham,E09000023,2022-04-28,45,95424,39,90389,6,5035
ltla,Lewisham,E09000023,2022-04-27,33,95379,25,90350,8,5029
ltla,Lewisham,E09000023,2022-04-26,53,95346,47,90325,6,5021
ltla,Lewisham,E09000023,2022-04-25,62,95293,52,90278,10,5015
ltla,Lewisham,E09000023,2022-04-24,40,95231,34,90226,6,5005
ltla,Lewisham,E09000023,2022-04-23,51,95191,44,90192,7,4999
ltla,Lewisham,E09000023,2022-04-22,43,95140,37,90148,6,4992
ltla,Lewisham,E09000023,2022-04-21,69,95097,60,90111,9,4986
ltla,Lewisham,E09000023,2022-04-20,57,95028,50,90051,7,4977
ltla,Lewisham,E09000023,2022-04-19,89,94971,65,90001,24,4970
ltla,Lewisham,E09000023,2022-04-18,67,94882,57,89936,10,4946
ltla,Lewisham,E09000023,2022-04-17,70,94815,61,89879,9,4936
ltla,Lewisham,E09000023,2022-04-16,74,94745,68,89818,6,4927
ltla,Lewisham,E09000023,2022-04-15,52,94671,47,89750,5,4921
ltla,Lewisham,E09000023,2022-04-14,92,94619,87,89703,5,4916
ltla,Lewisham,E09000023,2022-04-13,116,94527,101,89616,15,4911
ltla,Lewisham,E09000023,2022-04-12,104,94411,92,89515,12,4896
ltla,Lewisham,E09000023,2022-04-11,120,94307,103,89423,17,4884
ltla,Lewisham,E09000023,2022-04-10,91,94187,80,89320,11,4867
ltla,Lewisham,E09000023,2022-04-09,84,94096,72,89240,12,4856
ltla,Lewisham,E09000023,2022-04-08,115,94012,98,89168,17,4844
ltla,Lewisham,E09000023,2022-04-07,137,93897,120,89070,17,4827
ltla,Lewisham,E09000023,2022-04-06,137,93760,117,88950,20,4810
ltla,Lewisham,E09000023,2022-04-05,168,93623,153,88833,15,4790
ltla,Lewisham,E09000023,2022-04-04,190,93455,168,88680,22,4775
ltla,Lewisham,E09000023,2022-04-03,123,93265,116,88512,7,4753
ltla,Lewisham,E09000023,2022-04-02,149,93142,135,88396,14,4746
ltla,Lewisham,E09000023,2022-04-01,184,92993,159,88261,25,4732
ltla,Lewisham,E09000023,2022-03-31,204,92809,172,88102,32,4707
ltla,Lewisham,E09000023,2022-03-30,264,92605,236,87930,28,4675
ltla,Lewisham,E09000023,2022-03-29,294,92341,253,87694,41,4647
ltla,Lewisham,E09000023,2022-03-28,330,92047,289,87441,41,4606
ltla,Lewisham,E09000023,2022-03-27,219,91717,187,87152,32,4565
ltla,Lewisham,E09000023,2022-03-26,244,91498,220,86965,24,4533
ltla,Lewisham,E09000023,2022-03-25,261,91254,236,86745,25,4509
ltla,Lewisham,E09000023,2022-03-24,291,90993,260,86509,31,4484
ltla,Lewisham,E09000023,2022-03-23,344,90702,303,86249,41,4453
ltla,Lewisham,E09000023,2022-03-22,366,90358,335,85946,31,4412
ltla,Lewisham,E09000023,2022-03-21,422,89992,371,85611,51,4381
ltla,Lewisham,E09000023,2022-03-20,279,89570,249,85240,30,4330
ltla,Lewisham,E09000023,2022-03-19,269,89291,245,84991,24,4300
ltla,Lewisham,E09000023,2022-03-18,314,89022,281,84746,33,4276
ltla,Lewisham,E09000023,2022-03-17,334,88708,296,84465,38,4243
ltla,Lewisham,E09000023,2022-03-16,356,88374,328,84169,28,4205
ltla,Lewisham,E09000023,2022-03-15,342,88018,307,83841,35,4177
ltla,Lewisham,E09000023,2022-03-14,385,87676,348,83534,37,4142
ltla,Lewisham,E09000023,2022-03-13,273,87291,245,83186,28,4105
ltla,Lewisham,E09000023,2022-03-12,212,87018,186,82941,26,4077
ltla,Lewisham,E09000023,2022-03-11,260,86806,232,82755,28,4051
ltla,Lewisham,E09000023,2022-03-10,297,86546,259,82523,38,4023
ltla,Lewisham,E09000023,2022-03-09,278,86249,255,82264,23,3985
ltla,Lewisham,E09000023,2022-03-08,249,85971,227,82009,22,3962
ltla,Lewisham,E09000023,2022-03-07,246,85722,219,81782,27,3940
ltla,Lewisham,E09000023,2022-03-06,165,85476,147,81563,18,3913
ltla,Lewisham,E09000023,2022-03-05,131,85311,119,81416,12,3895
ltla,Lewisham,E09000023,2022-03-04,165,85180,149,81297,16,3883
ltla,Lewisham,E09000023,2022-03-03,155,85015,143,81148,12,3867
ltla,Lewisham,E09000023,2022-03-02,175,84860,166,81005,9,3855
ltla,Lewisham,E09000023,2022-03-01,158,84685,141,80839,17,3846
ltla,Lewisham,E09000023,2022-02-28,160,84527,145,80698,15,3829
ltla,Lewisham,E09000023,2022-02-27,106,84367,97,80553,9,3814
ltla,Lewisham,E09000023,2022-02-26,95,84261,85,80456,10,3805
ltla,Lewisham,E09000023,2022-02-25,117,84166,108,80371,9,3795
ltla,Lewisham,E09000023,2022-02-24,91,84049,89,80263,2,3786
ltla,Lewisham,E09000023,2022-02-23,141,83958,133,80174,8,3784
ltla,Lewisham,E09000023,2022-02-22,172,83817,155,80041,17,3776
ltla,Lewisham,E09000023,2022-02-21,174,83645,158,79886,16,3759
ltla,Lewisham,E09000023,2022-02-20,154,83471,140,79728,14,3743
ltla,Lewisham,E09000023,2022-02-19,149,83317,139,79588,10,3729
ltla,Lewisham,E09000023,2022-02-18,103,83168,89,79449,14,3719
ltla,Lewisham,E09000023,2022-02-17,216,83065,202,79360,14,3705
ltla,Lewisham,E09000023,2022-02-16,240,82849,220,79158,20,3691
ltla,Lewisham,E09000023,2022-02-15,170,82609,151,78938,19,3671
ltla,Lewisham,E09000023,2022-02-14,208,82439,182,78787,26,3652
ltla,Lewisham,E09000023,2022-02-13,135,82231,121,78605,14,3626
ltla,Lewisham,E09000023,2022-02-12,148,82096,135,78484,13,3612
ltla,Lewisham,E09000023,2022-02-11,176,81948,165,78349,11,3599
ltla,Lewisham,E09000023,2022-02-10,228,81772,198,78184,30,3588
ltla,Lewisham,E09000023,2022-02-09,230,81544,208,77986,22,3558
ltla,Lewisham,E09000023,2022-02-08,257,81314,232,77778,25,3536
ltla,Lewisham,E09000023,2022-02-07,330,81057,299,77546,31,3511
ltla,Lewisham,E09000023,2022-02-06,194,80727,179,77247,15,3480
ltla,Lewisham,E09000023,2022-02-05,182,80533,172,77068,10,3465
ltla,Lewisham,E09000023,2022-02-04,234,80351,203,76896,31,3455
ltla,Lewisham,E09000023,2022-02-03,304,80117,277,76693,27,3424
ltla,Lewisham,E09000023,2022-02-02,332,79813,298,76416,34,3397
ltla,Lewisham,E09000023,2022-02-01,312,79481,286,76118,26,3363
ltla,Lewisham,E09000023,2022-01-31,380,79169,347,75832,33,3337
ltla,Lewisham,E09000023,2022-01-30,290,78789,265,75485,25,3304
ltla,Lewisham,E09000023,2022-01-29,247,78499,229,75220,18,3279
ltla,Lewisham,E09000023,2022-01-28,285,78252,257,74991,28,3261
ltla,Lewisham,E09000023,2022-01-27,313,77967,291,74734,22,3233
ltla,Lewisham,E09000023,2022-01-26,376,77654,346,74443,30,3211
ltla,Lewisham,E09000023,2022-01-25,396,77278,365,74097,31,3181
ltla,Lewisham,E09000023,2022-01-24,407,76882,369,73732,38,3150
ltla,Lewisham,E09000023,2022-01-23,328,76475,295,73363,33,3112
ltla,Lewisham,E09000023,2022-01-22,311,76147,290,73068,21,3079
ltla,Lewisham,E09000023,2022-01-21,322,75836,292,72778,30,3058
ltla,Lewisham,E09000023,2022-01-20,360,75514,330,72486,30,3028
ltla,Lewisham,E09000023,2022-01-19,409,75154,370,72156,39,2998
ltla,Lewisham,E09000023,2022-01-18,411,74745,376,71786,35,2959
ltla,Lewisham,E09000023,2022-01-17,432,74334,392,71410,40,2924
ltla,Lewisham,E09000023,2022-01-16,309,73902,285,71018,24,2884
ltla,Lewisham,E09000023,2022-01-15,290,73593,256,70733,34,2860
ltla,Lewisham,E09000023,2022-01-14,308,73303,277,70477,31,2826
ltla,Lewisham,E09000023,2022-01-13,354,72995,325,70200,29,2795
ltla,Lewisham,E09000023,2022-01-12,397,72641,364,69875,33,2766
ltla,Lewisham,E09000023,2022-01-11,433,72244,404,69511,29,2733
ltla,Lewisham,E09000023,2022-01-10,472,71811,436,69107,36,2704
ltla,Lewisham,E09000023,2022-01-09,346,71339,310,68671,36,2668
ltla,Lewisham,E09000023,2022-01-08,372,70993,334,68361,38,2632
ltla,Lewisham,E09000023,2022-01-07,469,70621,418,68027,51,2594
ltla,Lewisham,E09000023,2022-01-06,690,70152,636,67609,54,2543
ltla,Lewisham,E09000023,2022-01-05,762,69462,700,66973,62,2489
ltla,Lewisham,E09000023,2022-01-04,962,68700,879,66273,83,2427
ltla,Lewisham,E09000023,2022-01-03,762,67738,697,65394,65,2344
ltla,Lewisham,E09000023,2022-01-02,665,66976,603,64697,62,2279
ltla,Lewisham,E09000023,2022-01-01,444,66311,400,64094,44,2217
ltla,Lewisham,E09000023,2021-12-31,761,65867,679,63694,82,2173
ltla,Lewisham,E09000023,2021-12-30,1045,65106,957,63015,88,2091
ltla,Lewisham,E09000023,2021-12-29,1437,64061,1319,62058,118,2003
ltla,Lewisham,E09000023,2021-12-28,982,62624,899,60739,83,1885
ltla,Lewisham,E09000023,2021-12-27,1032,61642,949,59840,83,1802
ltla,Lewisham,E09000023,2021-12-26,670,60610,611,58891,59,1719
ltla,Lewisham,E09000023,2021-12-25,394,59940,360,58280,34,1660
ltla,Lewisham,E09000023,2021-12-24,948,59546,873,57920,75,1626
ltla,Lewisham,E09000023,2021-12-23,1210,58598,1103,57047,107,1551
ltla,Lewisham,E09000023,2021-12-22,1422,57388,1307,55944,115,1444
ltla,Lewisham,E09000023,2021-12-21,1461,55966,1354,54637,107,1329
ltla,Lewisham,E09000023,2021-12-20,1276,54505,1186,53283,90,1222
ltla,Lewisham,E09000023,2021-12-19,989,53229,907,52097,82,1132
ltla,Lewisham,E09000023,2021-12-18,1111,52240,1016,51190,95,1050
ltla,Lewisham,E09000023,2021-12-17,1159,51129,1059,50174,100,955
ltla,Lewisham,E09000023,2021-12-16,1258,49970,1163,49115,95,855
ltla,Lewisham,E09000023,2021-12-15,1270,48712,1168,47952,102,760
ltla,Lewisham,E09000023,2021-12-14,1236,47442,1137,46784,99,658
ltla,Lewisham,E09000023,2021-12-13,876,46206,823,45647,53,559
ltla,Lewisham,E09000023,2021-12-12,504,45330,471,44824,33,506
ltla,Lewisham,E09000023,2021-12-11,400,44826,377,44353,23,473
ltla,Lewisham,E09000023,2021-12-10,403,44426,388,43976,15,450
ltla,Lewisham,E09000023,2021-12-09,419,44023,390,43588,29,435
ltla,Lewisham,E09000023,2021-12-08,388,43604,360,43198,28,406
ltla,Lewisham,E09000023,2021-12-07,373,43216,353,42838,20,378
ltla,Lewisham,E09000023,2021-12-06,333,42843,325,42485,8,358
ltla,Lewisham,E09000023,2021-12-05,200,42510,197,42160,3,350
ltla,Lewisham,E09000023,2021-12-04,200,42310,196,41963,4,347
ltla,Lewisham,E09000023,2021-12-03,237,42110,228,41767,9,343
ltla,Lewisham,E09000023,2021-12-02,247,41873,241,41539,6,334
ltla,Lewisham,E09000023,2021-12-01,242,41626,238,41298,4,328
ltla,Lewisham,E09000023,2021-11-30,259,41384,257,41060,2,324
ltla,Lewisham,E09000023,2021-11-29,243,41125,239,40803,4,322
ltla,Lewisham,E09000023,2021-11-28,141,40882,138,40564,3,318
ltla,Lewisham,E09000023,2021-11-27,141,40741,140,40426,1,315
ltla,Lewisham,E09000023,2021-11-26,152,40600,149,40286,3,314
ltla,Lewisham,E09000023,2021-11-25,158,40448,155,40137,3,311
ltla,Lewisham,E09000023,2021-11-24,168,40290,163,39982,5,308
ltla,Lewisham,E09000023,2021-11-23,158,40122,155,39819,3,303
ltla,Lewisham,E09000023,2021-11-22,168,39964,165,39664,3,300
ltla,Lewisham,E09000023,2021-11-21,133,39796,132,39499,1,297
ltla,Lewisham,E09000023,2021-11-20,112,39663,111,39367,1,296
ltla,Lewisham,E09000023,2021-11-19,95,39551,95,39256,0,295
ltla,Lewisham,E09000023,2021-11-18,158,39456,157,39161,1,295
ltla,Lewisham,E09000023,2021-11-17,133,39298,133,39004,0,294
ltla,Lewisham,E09000023,2021-11-16,126,39165,125,38871,1,294
ltla,Lewisham,E09000023,2021-11-15,137,39039,134,38746,3,293
ltla,Lewisham,E09000023,2021-11-14,109,38902,107,38612,2,290
ltla,Lewisham,E09000023,2021-11-13,91,38793,91,38505,0,288
ltla,Lewisham,E09000023,2021-11-12,107,38702,106,38414,1,288
ltla,Lewisham,E09000023,2021-11-11,110,38595,108,38308,2,287
ltla,Lewisham,E09000023,2021-11-10,107,38485,106,38200,1,285
ltla,Lewisham,E09000023,2021-11-09,105,38378,105,38094,0,284
ltla,Lewisham,E09000023,2021-11-08,107,38273,105,37989,2,284
ltla,Lewisham,E09000023,2021-11-07,79,38166,78,37884,1,282
ltla,Lewisham,E09000023,2021-11-06,75,38087,74,37806,1,281
ltla,Lewisham,E09000023,2021-11-05,87,38012,83,37732,4,280
ltla,Lewisham,E09000023,2021-11-04,98,37925,97,37649,1,276
ltla,Lewisham,E09000023,2021-11-03,85,37827,84,37552,1,275
ltla,Lewisham,E09000023,2021-11-02,88,37742,88,37468,0,274
ltla,Lewisham,E09000023,2021-11-01,113,37654,110,37380,3,274
ltla,Lewisham,E09000023,2021-10-31,108,37541,107,37270,1,271
ltla,Lewisham,E09000023,2021-10-30,77,37433,77,37163,0,270
ltla,Lewisham,E09000023,2021-10-29,77,37356,74,37086,3,270
ltla,Lewisham,E09000023,2021-10-28,90,37279,90,37012,0,267
ltla,Lewisham,E09000023,2021-10-27,100,37189,97,36922,3,267
ltla,Lewisham,E09000023,2021-10-26,96,37089,96,36825,0,264
ltla,Lewisham,E09000023,2021-10-25,95,36993,92,36729,3,264
ltla,Lewisham,E09000023,2021-10-24,75,36898,74,36637,1,261
ltla,Lewisham,E09000023,2021-10-23,91,36823,91,36563,0,260
ltla,Lewisham,E09000023,2021-10-22,94,36732,91,36472,3,260
ltla,Lewisham,E09000023,2021-10-21,109,36638,106,36381,3,257
ltla,Lewisham,E09000023,2021-10-20,104,36529,103,36275,1,254
ltla,Lewisham,E09000023,2021-10-19,112,36425,109,36172,3,253
ltla,Lewisham,E09000023,2021-10-18,108,36313,108,36063,0,250
ltla,Lewisham,E09000023,2021-10-17,80,36205,80,35955,0,250
ltla,Lewisham,E09000023,2021-10-16,72,36125,71,35875,1,250
ltla,Lewisham,E09000023,2021-10-15,88,36053,86,35804,2,249
ltla,Lewisham,E09000023,2021-10-14,84,35965,83,35718,1,247
ltla,Lewisham,E09000023,2021-10-13,88,35881,88,35635,0,246
ltla,Lewisham,E09000023,2021-10-12,84,35793,83,35547,1,246
ltla,Lewisham,E09000023,2021-10-11,94,35709,91,35464,3,245
ltla,Lewisham,E09000023,2021-10-10,67,35615,66,35373,1,242
ltla,Lewisham,E09000023,2021-10-09,58,35548,58,35307,0,241
ltla,Lewisham,E09000023,2021-10-08,71,35490,71,35249,0,241
ltla,Lewisham,E09000023,2021-10-07,89,35419,87,35178,2,241
ltla,Lewisham,E09000023,2021-10-06,81,35330,80,35091,1,239
ltla,Lewisham,E09000023,2021-10-05,77,35249,77,35011,0,238
ltla,Lewisham,E09000023,2021-10-04,81,35172,81,34934,0,238
ltla,Lewisham,E09000023,2021-10-03,65,35091,64,34853,1,238
ltla,Lewisham,E09000023,2021-10-02,70,35026,69,34789,1,237
ltla,Lewisham,E09000023,2021-10-01,53,34956,51,34720,2,236
ltla,Lewisham,E09000023,2021-09-30,71,34903,70,34669,1,234
ltla,Lewisham,E09000023,2021-09-29,65,34832,63,34599,2,233
ltla,Lewisham,E09000023,2021-09-28,84,34767,83,34536,1,231
ltla,Lewisham,E09000023,2021-09-27,65,34683,64,34453,1,230
ltla,Lewisham,E09000023,2021-09-26,55,34618,53,34389,2,229
ltla,Lewisham,E09000023,2021-09-25,61,34563,60,34336,1,227
ltla,Lewisham,E09000023,2021-09-24,64,34502,64,34276,0,226
ltla,Lewisham,E09000023,2021-09-23,72,34438,71,34212,1,226
ltla,Lewisham,E09000023,2021-09-22,85,34366,84,34141,1,225
ltla,Lewisham,E09000023,2021-09-21,90,34281,90,34057,0,224
ltla,Lewisham,E09000023,2021-09-20,92,34191,91,33967,1,224
ltla,Lewisham,E09000023,2021-09-19,81,34099,81,33876,0,223
ltla,Lewisham,E09000023,2021-09-18,56,34018,56,33795,0,223
ltla,Lewisham,E09000023,2021-09-17,72,33962,70,33739,2,223
ltla,Lewisham,E09000023,2021-09-16,77,33890,75,33669,2,221
ltla,Lewisham,E09000023,2021-09-15,62,33813,62,33594,0,219
ltla,Lewisham,E09000023,2021-09-14,79,33751,76,33532,3,219
ltla,Lewisham,E09000023,2021-09-13,96,33672,95,33456,1,216
ltla,Lewisham,E09000023,2021-09-12,70,33576,70,33361,0,215
ltla,Lewisham,E09000023,2021-09-11,80,33506,80,33291,0,215
ltla,Lewisham,E09000023,2021-09-10,88,33426,88,33211,0,215
ltla,Lewisham,E09000023,2021-09-09,91,33338,90,33123,1,215
ltla,Lewisham,E09000023,2021-09-08,110,33247,108,33033,2,214
ltla,Lewisham,E09000023,2021-09-07,113,33137,113,32925,0,212
ltla,Lewisham,E09000023,2021-09-06,95,33024,95,32812,0,212
ltla,Lewisham,E09000023,2021-09-05,80,32929,76,32717,4,212
ltla,Lewisham,E09000023,2021-09-04,81,32849,80,32641,1,208
ltla,Lewisham,E09000023,2021-09-03,115,32768,113,32561,2,207
ltla,Lewisham,E09000023,2021-09-02,129,32653,129,32448,0,205
ltla,Lewisham,E09000023,2021-09-01,107,32524,106,32319,1,205
ltla,Lewisham,E09000023,2021-08-31,115,32417,112,32213,3,204
ltla,Lewisham,E09000023,2021-08-30,69,32302,69,32101,0,201
ltla,Lewisham,E09000023,2021-08-29,77,32233,76,32032,1,201
ltla,Lewisham,E09000023,2021-08-28,83,32156,82,31956,1,200
ltla,Lewisham,E09000023,2021-08-27,81,32073,79,31874,2,199
ltla,Lewisham,E09000023,2021-08-26,96,31992,95,31795,1,197
ltla,Lewisham,E09000023,2021-08-25,117,31896,115,31700,2,196
ltla,Lewisham,E09000023,2021-08-24,146,31779,146,31585,0,194
ltla,Lewisham,E09000023,2021-08-23,135,31633,134,31439,1,194
ltla,Lewisham,E09000023,2021-08-22,94,31498,90,31305,4,193
ltla,Lewisham,E09000023,2021-08-21,89,31404,87,31215,2,189
ltla,Lewisham,E09000023,2021-08-20,113,31315,110,31128,3,187
ltla,Lewisham,E09000023,2021-08-19,123,31202,121,31018,2,184
ltla,Lewisham,E09000023,2021-08-18,143,31079,140,30897,3,182
ltla,Lewisham,E09000023,2021-08-17,114,30936,112,30757,2,179
ltla,Lewisham,E09000023,2021-08-16,134,30822,132,30645,2,177
ltla,Lewisham,E09000023,2021-08-15,101,30688,100,30513,1,175
ltla,Lewisham,E09000023,2021-08-14,112,30587,112,30413,0,174
ltla,Lewisham,E09000023,2021-08-13,130,30475,129,30301,1,174
ltla,Lewisham,E09000023,2021-08-12,169,30345,169,30172,0,173
ltla,Lewisham,E09000023,2021-08-11,165,30176,164,30003,1,173
ltla,Lewisham,E09000023,2021-08-10,149,30011,147,29839,2,172
ltla,Lewisham,E09000023,2021-08-09,165,29862,162,29692,3,170
ltla,Lewisham,E09000023,2021-08-08,111,29697,111,29530,0,167
ltla,Lewisham,E09000023,2021-08-07,101,29586,99,29419,2,167
ltla,Lewisham,E09000023,2021-08-06,162,29485,158,29320,4,165
ltla,Lewisham,E09000023,2021-08-05,156,29323,154,29162,2,161
ltla,Lewisham,E09000023,2021-08-04,163,29167,160,29008,3,159
ltla,Lewisham,E09000023,2021-08-03,165,29004,163,28848,2,156
ltla,Lewisham,E09000023,2021-08-02,143,28839,143,28685,0,154
ltla,Lewisham,E09000023,2021-08-01,99,28696,99,28542,0,154
ltla,Lewisham,E09000023,2021-07-31,90,28597,89,28443,1,154
ltla,Lewisham,E09000023,2021-07-30,117,28507,114,28354,3,153
ltla,Lewisham,E09000023,2021-07-29,155,28390,153,28240,2,150
ltla,Lewisham,E09000023,2021-07-28,142,28235,137,28087,5,148
ltla,Lewisham,E09000023,2021-07-27,141,28093,137,27950,4,143
ltla,Lewisham,E09000023,2021-07-26,154,27952,152,27813,2,139
ltla,Lewisham,E09000023,2021-07-25,88,27798,86,27661,2,137
ltla,Lewisham,E09000023,2021-07-24,90,27710,87,27575,3,135
ltla,Lewisham,E09000023,2021-07-23,146,27620,143,27488,3,132
ltla,Lewisham,E09000023,2021-07-22,145,27474,143,27345,2,129
ltla,Lewisham,E09000023,2021-07-21,154,27329,150,27202,4,127
ltla,Lewisham,E09000023,2021-07-20,170,27175,166,27052,4,123
ltla,Lewisham,E09000023,2021-07-19,214,27005,210,26886,4,119
ltla,Lewisham,E09000023,2021-07-18,136,26791,135,26676,1,115
ltla,Lewisham,E09000023,2021-07-17,180,26655,177,26541,3,114
ltla,Lewisham,E09000023,2021-07-16,284,26475,281,26364,3,111
ltla,Lewisham,E09000023,2021-07-15,293,26191,286,26083,7,108
ltla,Lewisham,E09000023,2021-07-14,237,25898,234,25797,3,101
ltla,Lewisham,E09000023,2021-07-13,213,25661,210,25563,3,98
ltla,Lewisham,E09000023,2021-07-12,202,25448,199,25353,3,95
ltla,Lewisham,E09000023,2021-07-11,138,25246,138,25154,0,92
ltla,Lewisham,E09000023,2021-07-10,123,25108,122,25016,1,92
ltla,Lewisham,E09000023,2021-07-09,150,24985,147,24894,3,91
ltla,Lewisham,E09000023,2021-07-08,174,24835,170,24747,4,88
ltla,Lewisham,E09000023,2021-07-07,174,24661,173,24577,1,84
ltla,Lewisham,E09000023,2021-07-06,169,24487,168,24404,1,83
ltla,Lewisham,E09000023,2021-07-05,136,24318,135,24236,1,82
ltla,Lewisham,E09000023,2021-07-04,118,24182,116,24101,2,81
ltla,Lewisham,E09000023,2021-07-03,101,24064,101,23985,0,79
ltla,Lewisham,E09000023,2021-07-02,124,23963,122,23884,2,79
ltla,Lewisham,E09000023,2021-07-01,109,23839,108,23762,1,77
ltla,Lewisham,E09000023,2021-06-30,128,23730,125,23654,3,76
ltla,Lewisham,E09000023,2021-06-29,123,23602,123,23529,0,73
ltla,Lewisham,E09000023,2021-06-28,126,23479,125,23406,1,73
ltla,Lewisham,E09000023,2021-06-27,64,23353,64,23281,0,72
ltla,Lewisham,E09000023,2021-06-26,65,23289,65,23217,0,72
ltla,Lewisham,E09000023,2021-06-25,74,23224,73,23152,1,72
ltla,Lewisham,E09000023,2021-06-24,69,23150,68,23079,1,71
ltla,Lewisham,E09000023,2021-06-23,54,23081,53,23011,1,70
ltla,Lewisham,E09000023,2021-06-22,66,23027,66,22958,0,69
ltla,Lewisham,E09000023,2021-06-21,51,22961,51,22892,0,69
ltla,Lewisham,E09000023,2021-06-20,29,22910,29,22841,0,69
ltla,Lewisham,E09000023,2021-06-19,29,22881,28,22812,1,69
ltla,Lewisham,E09000023,2021-06-18,36,22852,36,22784,0,68
ltla,Lewisham,E09000023,2021-06-17,45,22816,45,22748,0,68
ltla,Lewisham,E09000023,2021-06-16,29,22771,29,22703,0,68
ltla,Lewisham,E09000023,2021-06-15,30,22742,30,22674,0,68
ltla,Lewisham,E09000023,2021-06-14,39,22712,38,22644,1,68
ltla,Lewisham,E09000023,2021-06-13,24,22673,24,22606,0,67
ltla,Lewisham,E09000023,2021-06-12,26,22649,26,22582,0,67
ltla,Lewisham,E09000023,2021-06-11,39,22623,39,22556,0,67
ltla,Lewisham,E09000023,2021-06-10,27,22584,27,22517,0,67
ltla,Lewisham,E09000023,2021-06-09,26,22557,25,22490,1,67
ltla,Lewisham,E09000023,2021-06-08,43,22531,42,22465,1,66
ltla,Lewisham,E09000023,2021-06-07,22,22488,21,22423,1,65
ltla,Lewisham,E09000023,2021-06-06,25,22466,24,22402,1,64
ltla,Lewisham,E09000023,2021-06-05,19,22441,19,22378,0,63
ltla,Lewisham,E09000023,2021-06-04,19,22422,19,22359,0,63
ltla,Lewisham,E09000023,2021-06-03,30,22403,30,22340,0,63
ltla,Lewisham,E09000023,2021-06-02,18,22373,18,22310,0,63
ltla,Lewisham,E09000023,2021-06-01,25,22355,24,22292,1,63
ltla,Lewisham,E09000023,2021-05-31,9,22330,9,22268,0,62
ltla,Lewisham,E09000023,2021-05-30,15,22321,15,22259,0,62
ltla,Lewisham,E09000023,2021-05-29,13,22306,12,22244,1,62
ltla,Lewisham,E09000023,2021-05-28,10,22293,10,22232,0,61
ltla,Lewisham,E09000023,2021-05-27,14,22283,13,22222,1,61
ltla,Lewisham,E09000023,2021-05-26,21,22269,21,22209,0,60
ltla,Lewisham,E09000023,2021-05-25,11,22248,11,22188,0,60
ltla,Lewisham,E09000023,2021-05-24,5,22237,5,22177,0,60
ltla,Lewisham,E09000023,2021-05-23,8,22232,6,22172,2,60
ltla,Lewisham,E09000023,2021-05-22,4,22224,4,22166,0,58
ltla,Lewisham,E09000023,2021-05-21,2,22220,1,22162,1,58
ltla,Lewisham,E09000023,2021-05-20,9,22218,9,22161,0,57
ltla,Lewisham,E09000023,2021-05-19,3,22209,3,22152,0,57
ltla,Lewisham,E09000023,2021-05-18,7,22206,7,22149,0,57
ltla,Lewisham,E09000023,2021-05-17,12,22199,11,22142,1,57
ltla,Lewisham,E09000023,2021-05-16,2,22187,2,22131,0,56
ltla,Lewisham,E09000023,2021-05-15,3,22185,3,22129,0,56
ltla,Lewisham,E09000023,2021-05-14,5,22182,5,22126,0,56
ltla,Lewisham,E09000023,2021-05-13,16,22177,15,22121,1,56
ltla,Lewisham,E09000023,2021-05-12,15,22161,15,22106,0,55
ltla,Lewisham,E09000023,2021-05-11,10,22146,10,22091,0,55
ltla,Lewisham,E09000023,2021-05-10,12,22136,11,22081,1,55
ltla,Lewisham,E09000023,2021-05-09,4,22124,3,22070,1,54
ltla,Lewisham,E09000023,2021-05-08,2,22120,2,22067,0,53
ltla,Lewisham,E09000023,2021-05-07,9,22118,8,22065,1,53
ltla,Lewisham,E09000023,2021-05-06,6,22109,6,22057,0,52
ltla,Lewisham,E09000023,2021-05-05,5,22103,5,22051,0,52
ltla,Lewisham,E09000023,2021-05-04,6,22098,6,22046,0,52
ltla,Lewisham,E09000023,2021-05-03,7,22092,7,22040,0,52
ltla,Lewisham,E09000023,2021-05-02,4,22085,2,22033,2,52
ltla,Lewisham,E09000023,2021-05-01,6,22081,4,22031,2,50
ltla,Lewisham,E09000023,2021-04-30,8,22075,8,22027,0,48
ltla,Lewisham,E09000023,2021-04-29,6,22067,6,22019,0,48
ltla,Lewisham,E09000023,2021-04-28,8,22061,8,22013,0,48
ltla,Lewisham,E09000023,2021-04-27,8,22053,6,22005,2,48
ltla,Lewisham,E09000023,2021-04-26,11,22045,8,21999,3,46
ltla,Lewisham,E09000023,2021-04-25,3,22034,3,21991,0,43
ltla,Lewisham,E09000023,2021-04-24,0,22031,0,21988,0,43
ltla,Lewisham,E09000023,2021-04-23,9,22031,8,21988,1,43
ltla,Lewisham,E09000023,2021-04-22,10,22022,9,21980,1,42
ltla,Lewisham,E09000023,2021-04-21,10,22012,10,21971,0,41
ltla,Lewisham,E09000023,2021-04-20,9,22002,8,21961,1,41
ltla,Lewisham,E09000023,2021-04-19,5,21993,5,21953,0,40
ltla,Lewisham,E09000023,2021-04-18,7,21988,7,21948,0,40
ltla,Lewisham,E09000023,2021-04-17,7,21981,7,21941,0,40
ltla,Lewisham,E09000023,2021-04-16,3,21974,3,21934,0,40
ltla,Lewisham,E09000023,2021-04-15,10,21971,9,21931,1,40
ltla,Lewisham,E09000023,2021-04-14,5,21961,5,21922,0,39
ltla,Lewisham,E09000023,2021-04-13,7,21956,4,21917,3,39
ltla,Lewisham,E09000023,2021-04-12,3,21949,2,21913,1,36
ltla,Lewisham,E09000023,2021-04-11,5,21946,4,21911,1,35
ltla,Lewisham,E09000023,2021-04-10,5,21941,5,21907,0,34
ltla,Lewisham,E09000023,2021-04-09,2,21936,2,21902,0,34
ltla,Lewisham,E09000023,2021-04-08,6,21934,6,21900,0,34
ltla,Lewisham,E09000023,2021-04-07,10,21928,10,21894,0,34
ltla,Lewisham,E09000023,2021-04-06,6,21918,6,21884,0,34
ltla,Lewisham,E09000023,2021-04-05,5,21912,5,21878,0,34
ltla,Lewisham,E09000023,2021-04-04,7,21907,7,21873,0,34
ltla,Lewisham,E09000023,2021-04-03,0,21900,0,21866,0,34
ltla,Lewisham,E09000023,2021-04-02,6,21900,6,21866,0,34
ltla,Lewisham,E09000023,2021-04-01,4,21894,3,21860,1,34
ltla,Lewisham,E09000023,2021-03-31,4,21890,3,21857,1,33
ltla,Lewisham,E09000023,2021-03-30,10,21886,10,21854,0,32
ltla,Lewisham,E09000023,2021-03-29,10,21876,9,21844,1,32
ltla,Lewisham,E09000023,2021-03-28,19,21866,19,21835,0,31
ltla,Lewisham,E09000023,2021-03-27,3,21847,3,21816,0,31
ltla,Lewisham,E09000023,2021-03-26,10,21844,10,21813,0,31
ltla,Lewisham,E09000023,2021-03-25,14,21834,14,21803,0,31
ltla,Lewisham,E09000023,2021-03-24,12,21820,11,21789,1,31
ltla,Lewisham,E09000023,2021-03-23,13,21808,12,21778,1,30
ltla,Lewisham,E09000023,2021-03-22,11,21795,11,21766,0,29
ltla,Lewisham,E09000023,2021-03-21,12,21784,12,21755,0,29
ltla,Lewisham,E09000023,2021-03-20,8,21772,8,21743,0,29
ltla,Lewisham,E09000023,2021-03-19,17,21764,17,21735,0,29
ltla,Lewisham,E09000023,2021-03-18,10,21747,10,21718,0,29
ltla,Lewisham,E09000023,2021-03-17,15,21737,15,21708,0,29
ltla,Lewisham,E09000023,2021-03-16,15,21722,15,21693,0,29
ltla,Lewisham,E09000023,2021-03-15,17,21707,17,21678,0,29
ltla,Lewisham,E09000023,2021-03-14,9,21690,9,21661,0,29
ltla,Lewisham,E09000023,2021-03-13,8,21681,8,21652,0,29
ltla,Lewisham,E09000023,2021-03-12,14,21673,14,21644,0,29
ltla,Lewisham,E09000023,2021-03-11,16,21659,16,21630,0,29
ltla,Lewisham,E09000023,2021-03-10,8,21643,8,21614,0,29
ltla,Lewisham,E09000023,2021-03-09,15,21635,14,21606,1,29
ltla,Lewisham,E09000023,2021-03-08,13,21620,11,21592,2,28
ltla,Lewisham,E09000023,2021-03-07,9,21607,9,21581,0,26
ltla,Lewisham,E09000023,2021-03-06,13,21598,13,21572,0,26
ltla,Lewisham,E09000023,2021-03-05,9,21585,8,21559,1,26
ltla,Lewisham,E09000023,2021-03-04,7,21576,7,21551,0,25
ltla,Lewisham,E09000023,2021-03-03,11,21569,11,21544,0,25
ltla,Lewisham,E09000023,2021-03-02,8,21558,8,21533,0,25
ltla,Lewisham,E09000023,2021-03-01,7,21550,7,21525,0,25
ltla,Lewisham,E09000023,2021-02-28,9,21543,9,21518,0,25
ltla,Lewisham,E09000023,2021-02-27,9,21534,9,21509,0,25
ltla,Lewisham,E09000023,2021-02-26,18,21525,18,21500,0,25
ltla,Lewisham,E09000023,2021-02-25,11,21507,11,21482,0,25
ltla,Lewisham,E09000023,2021-02-24,16,21496,16,21471,0,25
ltla,Lewisham,E09000023,2021-02-23,16,21480,16,21455,0,25
ltla,Lewisham,E09000023,2021-02-22,27,21464,27,21439,0,25
ltla,Lewisham,E09000023,2021-02-21,12,21437,11,21412,1,25
ltla,Lewisham,E09000023,2021-02-20,16,21425,16,21401,0,24
ltla,Lewisham,E09000023,2021-02-19,22,21409,22,21385,0,24
ltla,Lewisham,E09000023,2021-02-18,23,21387,22,21363,1,24
ltla,Lewisham,E09000023,2021-02-17,21,21364,21,21341,0,23
ltla,Lewisham,E09000023,2021-02-16,31,21343,31,21320,0,23
ltla,Lewisham,E09000023,2021-02-15,25,21312,25,21289,0,23
ltla,Lewisham,E09000023,2021-02-14,23,21287,23,21264,0,23
ltla,Lewisham,E09000023,2021-02-13,24,21264,24,21241,0,23
ltla,Lewisham,E09000023,2021-02-12,33,21240,32,21217,1,23
ltla,Lewisham,E09000023,2021-02-11,37,21207,37,21185,0,22
ltla,Lewisham,E09000023,2021-02-10,52,21170,52,21148,0,22
ltla,Lewisham,E09000023,2021-02-09,36,21118,35,21096,1,22
ltla,Lewisham,E09000023,2021-02-08,49,21082,48,21061,1,21
ltla,Lewisham,E09000023,2021-02-07,30,21033,30,21013,0,20
ltla,Lewisham,E09000023,2021-02-06,49,21003,49,20983,0,20
ltla,Lewisham,E09000023,2021-02-05,64,20954,64,20934,0,20
ltla,Lewisham,E09000023,2021-02-04,67,20890,67,20870,0,20
ltla,Lewisham,E09000023,2021-02-03,81,20823,81,20803,0,20
ltla,Lewisham,E09000023,2021-02-02,94,20742,94,20722,0,20
ltla,Lewisham,E09000023,2021-02-01,109,20648,109,20628,0,20
ltla,Lewisham,E09000023,2021-01-31,59,20539,59,20519,0,20
ltla,Lewisham,E09000023,2021-01-30,66,20480,66,20460,0,20
ltla,Lewisham,E09000023,2021-01-29,89,20414,89,20394,0,20
ltla,Lewisham,E09000023,2021-01-28,158,20325,158,20305,0,20
ltla,Lewisham,E09000023,2021-01-27,125,20167,125,20147,0,20
ltla,Lewisham,E09000023,2021-01-26,137,20042,137,20022,0,20
ltla,Lewisham,E09000023,2021-01-25,181,19905,181,19885,0,20
ltla,Lewisham,E09000023,2021-01-24,91,19724,91,19704,0,20
ltla,Lewisham,E09000023,2021-01-23,121,19633,121,19613,0,20
ltla,Lewisham,E09000023,2021-01-22,184,19512,184,19492,0,20
ltla,Lewisham,E09000023,2021-01-21,183,19328,183,19308,0,20
ltla,Lewisham,E09000023,2021-01-20,192,19145,192,19125,0,20
ltla,Lewisham,E09000023,2021-01-19,254,18953,254,18933,0,20
ltla,Lewisham,E09000023,2021-01-18,331,18699,329,18679,2,20
ltla,Lewisham,E09000023,2021-01-17,151,18368,151,18350,0,18
ltla,Lewisham,E09000023,2021-01-16,187,18217,187,18199,0,18
ltla,Lewisham,E09000023,2021-01-15,248,18030,248,18012,0,18
ltla,Lewisham,E09000023,2021-01-14,309,17782,309,17764,0,18
ltla,Lewisham,E09000023,2021-01-13,325,17473,325,17455,0,18
ltla,Lewisham,E09000023,2021-01-12,341,17148,339,17130,2,18
ltla,Lewisham,E09000023,2021-01-11,372,16807,372,16791,0,16
ltla,Lewisham,E09000023,2021-01-10,275,16435,274,16419,1,16
ltla,Lewisham,E09000023,2021-01-09,328,16160,327,16145,1,15
ltla,Lewisham,E09000023,2021-01-08,385,15832,385,15818,0,14
ltla,Lewisham,E09000023,2021-01-07,438,15447,438,15433,0,14
ltla,Lewisham,E09000023,2021-01-06,518,15009,518,14995,0,14
ltla,Lewisham,E09000023,2021-01-05,555,14491,555,14477,0,14
ltla,Lewisham,E09000023,2021-01-04,579,13936,576,13922,3,14
ltla,Lewisham,E09000023,2021-01-03,440,13357,440,13346,0,11
ltla,Lewisham,E09000023,2021-01-02,480,12917,479,12906,1,11
ltla,Lewisham,E09000023,2021-01-01,197,12437,197,12427,0,10
ltla,Lewisham,E09000023,2020-12-31,449,12240,449,12230,0,10
ltla,Lewisham,E09000023,2020-12-30,586,11791,586,11781,0,10
ltla,Lewisham,E09000023,2020-12-29,741,11205,741,11195,0,10
ltla,Lewisham,E09000023,2020-12-28,338,10464,337,10454,1,10
ltla,Lewisham,E09000023,2020-12-27,435,10126,435,10117,0,9
ltla,Lewisham,E09000023,2020-12-26,364,9691,364,9682,0,9
ltla,Lewisham,E09000023,2020-12-25,121,9327,120,9318,1,9
ltla,Lewisham,E09000023,2020-12-24,299,9206,299,9198,0,8
ltla,Lewisham,E09000023,2020-12-23,429,8907,429,8899,0,8
ltla,Lewisham,E09000023,2020-12-22,433,8478,433,8470,0,8
ltla,Lewisham,E09000023,2020-12-21,418,8045,418,8037,0,8
ltla,Lewisham,E09000023,2020-12-20,259,7627,259,7619,0,8
ltla,Lewisham,E09000023,2020-12-19,236,7368,236,7360,0,8
ltla,Lewisham,E09000023,2020-12-18,284,7132,284,7124,0,8
ltla,Lewisham,E09000023,2020-12-17,308,6848,308,6840,0,8
ltla,Lewisham,E09000023,2020-12-16,308,6540,307,6532,1,8
ltla,Lewisham,E09000023,2020-12-15,284,6232,284,6225,0,7
ltla,Lewisham,E09000023,2020-12-14,274,5948,274,5941,0,7
ltla,Lewisham,E09000023,2020-12-13,159,5674,159,5667,0,7
ltla,Lewisham,E09000023,2020-12-12,139,5515,139,5508,0,7
ltla,Lewisham,E09000023,2020-12-11,160,5376,160,5369,0,7
ltla,Lewisham,E09000023,2020-12-10,153,5216,153,5209,0,7
ltla,Lewisham,E09000023,2020-12-09,118,5063,118,5056,0,7
ltla,Lewisham,E09000023,2020-12-08,114,4945,114,4938,0,7
ltla,Lewisham,E09000023,2020-12-07,101,4831,101,4824,0,7
ltla,Lewisham,E09000023,2020-12-06,52,4730,52,4723,0,7
ltla,Lewisham,E09000023,2020-12-05,50,4678,50,4671,0,7
ltla,Lewisham,E09000023,2020-12-04,79,4628,79,4621,0,7
ltla,Lewisham,E09000023,2020-12-03,58,4549,58,4542,0,7
ltla,Lewisham,E09000023,2020-12-02,65,4491,65,4484,0,7
ltla,Lewisham,E09000023,2020-12-01,57,4426,57,4419,0,7
ltla,Lewisham,E09000023,2020-11-30,57,4369,57,4362,0,7
ltla,Lewisham,E09000023,2020-11-29,29,4312,29,4305,0,7
ltla,Lewisham,E09000023,2020-11-28,46,4283,46,4276,0,7
ltla,Lewisham,E09000023,2020-11-27,52,4237,52,4230,0,7
ltla,Lewisham,E09000023,2020-11-26,45,4185,45,4178,0,7
ltla,Lewisham,E09000023,2020-11-25,62,4140,62,4133,0,7
ltla,Lewisham,E09000023,2020-11-24,42,4078,42,4071,0,7
ltla,Lewisham,E09000023,2020-11-23,62,4036,61,4029,1,7
ltla,Lewisham,E09000023,2020-11-22,22,3974,22,3968,0,6
ltla,Lewisham,E09000023,2020-11-21,26,3952,26,3946,0,6
ltla,Lewisham,E09000023,2020-11-20,42,3926,42,3920,0,6
ltla,Lewisham,E09000023,2020-11-19,48,3884,48,3878,0,6
ltla,Lewisham,E09000023,2020-11-18,44,3836,44,3830,0,6
ltla,Lewisham,E09000023,2020-11-17,55,3792,55,3786,0,6
ltla,Lewisham,E09000023,2020-11-16,71,3737,71,3731,0,6
ltla,Lewisham,E09000023,2020-11-15,38,3666,38,3660,0,6
ltla,Lewisham,E09000023,2020-11-14,45,3628,45,3622,0,6
ltla,Lewisham,E09000023,2020-11-13,78,3583,78,3577,0,6
ltla,Lewisham,E09000023,2020-11-12,48,3505,48,3499,0,6
ltla,Lewisham,E09000023,2020-11-11,63,3457,63,3451,0,6
ltla,Lewisham,E09000023,2020-11-10,62,3394,61,3388,1,6
ltla,Lewisham,E09000023,2020-11-09,82,3332,82,3327,0,5
ltla,Lewisham,E09000023,2020-11-08,31,3250,31,3245,0,5
ltla,Lewisham,E09000023,2020-11-07,33,3219,33,3214,0,5
ltla,Lewisham,E09000023,2020-11-06,46,3186,46,3181,0,5
ltla,Lewisham,E09000023,2020-11-05,45,3140,45,3135,0,5
ltla,Lewisham,E09000023,2020-11-04,38,3095,38,3090,0,5
ltla,Lewisham,E09000023,2020-11-03,48,3057,48,3052,0,5
ltla,Lewisham,E09000023,2020-11-02,80,3009,80,3004,0,5
ltla,Lewisham,E09000023,2020-11-01,18,2929,18,2924,0,5
ltla,Lewisham,E09000023,2020-10-31,24,2911,24,2906,0,5
ltla,Lewisham,E09000023,2020-10-30,42,2887,42,2882,0,5
ltla,Lewisham,E09000023,2020-10-29,50,2845,50,2840,0,5
ltla,Lewisham,E09000023,2020-10-28,53,2795,53,2790,0,5
ltla,Lewisham,E09000023,2020-10-27,42,2742,42,2737,0,5
ltla,Lewisham,E09000023,2020-10-26,54,2700,54,2695,0,5
ltla,Lewisham,E09000023,2020-10-25,34,2646,34,2641,0,5
ltla,Lewisham,E09000023,2020-10-24,33,2612,33,2607,0,5
ltla,Lewisham,E09000023,2020-10-23,45,2579,45,2574,0,5
ltla,Lewisham,E09000023,2020-10-22,57,2534,57,2529,0,5
ltla,Lewisham,E09000023,2020-10-21,55,2477,55,2472,0,5
ltla,Lewisham,E09000023,2020-10-20,48,2422,48,2417,0,5
ltla,Lewisham,E09000023,2020-10-19,53,2374,53,2369,0,5
ltla,Lewisham,E09000023,2020-10-18,23,2321,23,2316,0,5
ltla,Lewisham,E09000023,2020-10-17,37,2298,35,2293,2,5
ltla,Lewisham,E09000023,2020-10-16,40,2261,40,2258,0,3
ltla,Lewisham,E09000023,2020-10-15,28,2221,28,2218,0,3
ltla,Lewisham,E09000023,2020-10-14,53,2193,52,2190,1,3
ltla,Lewisham,E09000023,2020-10-13,28,2140,28,2138,0,2
ltla,Lewisham,E09000023,2020-10-12,52,2112,52,2110,0,2
ltla,Lewisham,E09000023,2020-10-11,16,2060,16,2058,0,2
ltla,Lewisham,E09000023,2020-10-10,25,2044,25,2042,0,2
ltla,Lewisham,E09000023,2020-10-09,50,2019,49,2017,1,2
ltla,Lewisham,E09000023,2020-10-08,36,1969,36,1968,0,1
ltla,Lewisham,E09000023,2020-10-07,42,1933,42,1932,0,1
ltla,Lewisham,E09000023,2020-10-06,37,1891,37,1890,0,1
ltla,Lewisham,E09000023,2020-10-05,30,1854,30,1853,0,1
ltla,Lewisham,E09000023,2020-10-04,26,1824,26,1823,0,1
ltla,Lewisham,E09000023,2020-10-03,25,1798,25,1797,0,1
ltla,Lewisham,E09000023,2020-10-02,29,1773,29,1772,0,1
ltla,Lewisham,E09000023,2020-10-01,37,1744,37,1743,0,1
ltla,Lewisham,E09000023,2020-09-30,32,1707,32,1706,0,1
ltla,Lewisham,E09000023,2020-09-29,15,1675,15,1674,0,1
ltla,Lewisham,E09000023,2020-09-28,26,1660,26,1659,0,1
ltla,Lewisham,E09000023,2020-09-27,19,1634,19,1633,0,1
ltla,Lewisham,E09000023,2020-09-26,15,1615,15,1614,0,1
ltla,Lewisham,E09000023,2020-09-25,19,1600,19,1599,0,1
ltla,Lewisham,E09000023,2020-09-24,18,1581,18,1580,0,1
ltla,Lewisham,E09000023,2020-09-23,17,1563,17,1562,0,1
ltla,Lewisham,E09000023,2020-09-22,8,1546,8,1545,0,1
ltla,Lewisham,E09000023,2020-09-21,10,1538,10,1537,0,1
ltla,Lewisham,E09000023,2020-09-20,10,1528,10,1527,0,1
ltla,Lewisham,E09000023,2020-09-19,8,1518,8,1517,0,1
ltla,Lewisham,E09000023,2020-09-18,8,1510,8,1509,0,1
ltla,Lewisham,E09000023,2020-09-17,9,1502,9,1501,0,1
ltla,Lewisham,E09000023,2020-09-16,12,1493,12,1492,0,1
ltla,Lewisham,E09000023,2020-09-15,9,1481,9,1480,0,1
ltla,Lewisham,E09000023,2020-09-14,10,1472,10,1471,0,1
ltla,Lewisham,E09000023,2020-09-13,3,1462,3,1461,0,1
ltla,Lewisham,E09000023,2020-09-12,5,1459,5,1458,0,1
ltla,Lewisham,E09000023,2020-09-11,9,1454,9,1453,0,1
ltla,Lewisham,E09000023,2020-09-10,6,1445,6,1444,0,1
ltla,Lewisham,E09000023,2020-09-09,9,1439,9,1438,0,1
ltla,Lewisham,E09000023,2020-09-08,14,1430,14,1429,0,1
ltla,Lewisham,E09000023,2020-09-07,10,1416,10,1415,0,1
ltla,Lewisham,E09000023,2020-09-06,4,1406,4,1405,0,1
ltla,Lewisham,E09000023,2020-09-05,3,1402,3,1401,0,1
ltla,Lewisham,E09000023,2020-09-04,7,1399,7,1398,0,1
ltla,Lewisham,E09000023,2020-09-03,10,1392,10,1391,0,1
ltla,Lewisham,E09000023,2020-09-02,16,1382,16,1381,0,1
ltla,Lewisham,E09000023,2020-09-01,8,1366,8,1365,0,1
ltla,Lewisham,E09000023,2020-08-31,10,1358,10,1357,0,1
ltla,Lewisham,E09000023,2020-08-30,0,1348,0,1347,0,1
ltla,Lewisham,E09000023,2020-08-29,0,1348,0,1347,0,1
ltla,Lewisham,E09000023,2020-08-28,8,1348,8,1347,0,1
ltla,Lewisham,E09000023,2020-08-27,6,1340,6,1339,0,1
ltla,Lewisham,E09000023,2020-08-26,3,1334,3,1333,0,1
ltla,Lewisham,E09000023,2020-08-25,2,1331,2,1330,0,1
ltla,Lewisham,E09000023,2020-08-24,4,1329,4,1328,0,1
ltla,Lewisham,E09000023,2020-08-23,6,1325,6,1324,0,1
ltla,Lewisham,E09000023,2020-08-22,2,1319,2,1318,0,1
ltla,Lewisham,E09000023,2020-08-21,7,1317,7,1316,0,1
ltla,Lewisham,E09000023,2020-08-20,5,1310,5,1309,0,1
ltla,Lewisham,E09000023,2020-08-19,6,1305,6,1304,0,1
ltla,Lewisham,E09000023,2020-08-18,5,1299,5,1298,0,1
ltla,Lewisham,E09000023,2020-08-17,4,1294,4,1293,0,1
ltla,Lewisham,E09000023,2020-08-16,2,1290,2,1289,0,1
ltla,Lewisham,E09000023,2020-08-15,1,1288,1,1287,0,1
ltla,Lewisham,E09000023,2020-08-14,4,1287,4,1286,0,1
ltla,Lewisham,E09000023,2020-08-13,3,1283,3,1282,0,1
ltla,Lewisham,E09000023,2020-08-12,4,1280,4,1279,0,1
ltla,Lewisham,E09000023,2020-08-11,3,1276,3,1275,0,1
ltla,Lewisham,E09000023,2020-08-10,2,1273,2,1272,0,1
ltla,Lewisham,E09000023,2020-08-09,1,1271,1,1270,0,1
ltla,Lewisham,E09000023,2020-08-08,0,1270,0,1269,0,1
ltla,Lewisham,E09000023,2020-08-07,7,1270,7,1269,0,1
ltla,Lewisham,E09000023,2020-08-06,4,1263,4,1262,0,1
ltla,Lewisham,E09000023,2020-08-05,4,1259,4,1258,0,1
ltla,Lewisham,E09000023,2020-08-04,1,1255,1,1254,0,1
ltla,Lewisham,E09000023,2020-08-03,1,1254,1,1253,0,1
ltla,Lewisham,E09000023,2020-08-02,0,1253,0,1252,0,1
ltla,Lewisham,E09000023,2020-08-01,1,1253,1,1252,0,1
ltla,Lewisham,E09000023,2020-07-31,3,1252,3,1251,0,1
ltla,Lewisham,E09000023,2020-07-30,3,1249,3,1248,0,1
ltla,Lewisham,E09000023,2020-07-29,4,1246,4,1245,0,1
ltla,Lewisham,E09000023,2020-07-28,1,1242,1,1241,0,1
ltla,Lewisham,E09000023,2020-07-27,4,1241,4,1240,0,1
ltla,Lewisham,E09000023,2020-07-26,0,1237,0,1236,0,1
ltla,Lewisham,E09000023,2020-07-25,5,1237,5,1236,0,1
ltla,Lewisham,E09000023,2020-07-24,5,1232,5,1231,0,1
ltla,Lewisham,E09000023,2020-07-23,3,1227,3,1226,0,1
ltla,Lewisham,E09000023,2020-07-22,0,1224,0,1223,0,1
ltla,Lewisham,E09000023,2020-07-21,2,1224,2,1223,0,1
ltla,Lewisham,E09000023,2020-07-20,4,1222,4,1221,0,1
ltla,Lewisham,E09000023,2020-07-19,1,1218,1,1217,0,1
ltla,Lewisham,E09000023,2020-07-18,1,1217,1,1216,0,1
ltla,Lewisham,E09000023,2020-07-17,1,1216,1,1215,0,1
ltla,Lewisham,E09000023,2020-07-16,4,1215,4,1214,0,1
ltla,Lewisham,E09000023,2020-07-15,4,1211,4,1210,0,1
ltla,Lewisham,E09000023,2020-07-14,4,1207,4,1206,0,1
ltla,Lewisham,E09000023,2020-07-13,2,1203,2,1202,0,1
ltla,Lewisham,E09000023,2020-07-12,0,1201,0,1200,0,1
ltla,Lewisham,E09000023,2020-07-11,0,1201,0,1200,0,1
ltla,Lewisham,E09000023,2020-07-10,0,1201,0,1200,0,1
ltla,Lewisham,E09000023,2020-07-09,3,1201,2,1200,1,1
ltla,Lewisham,E09000023,2020-07-08,4,1198,4,1198,,
ltla,Lewisham,E09000023,2020-07-07,3,1194,3,1194,,
ltla,Lewisham,E09000023,2020-07-06,0,1191,0,1191,,
ltla,Lewisham,E09000023,2020-07-05,0,1191,0,1191,,
ltla,Lewisham,E09000023,2020-07-04,0,1191,0,1191,,
ltla,Lewisham,E09000023,2020-07-03,0,1191,0,1191,,
ltla,Lewisham,E09000023,2020-07-02,0,1191,0,1191,,
ltla,Lewisham,E09000023,2020-07-01,0,1191,0,1191,,
ltla,Lewisham,E09000023,2020-06-30,2,1191,2,1191,,
ltla,Lewisham,E09000023,2020-06-29,1,1189,1,1189,,
ltla,Lewisham,E09000023,2020-06-28,0,1188,0,1188,,
ltla,Lewisham,E09000023,2020-06-27,0,1188,0,1188,,
ltla,Lewisham,E09000023,2020-06-26,2,1188,2,1188,,
ltla,Lewisham,E09000023,2020-06-25,0,1186,0,1186,,
ltla,Lewisham,E09000023,2020-06-24,0,1186,0,1186,,
ltla,Lewisham,E09000023,2020-06-23,2,1186,2,1186,,
ltla,Lewisham,E09000023,2020-06-22,1,1184,1,1184,,
ltla,Lewisham,E09000023,2020-06-21,1,1183,1,1183,,
ltla,Lewisham,E09000023,2020-06-20,0,1182,0,1182,,
ltla,Lewisham,E09000023,2020-06-19,1,1182,1,1182,,
ltla,Lewisham,E09000023,2020-06-18,2,1181,2,1181,,
ltla,Lewisham,E09000023,2020-06-17,2,1179,2,1179,,
ltla,Lewisham,E09000023,2020-06-16,1,1177,1,1177,,
ltla,Lewisham,E09000023,2020-06-15,0,1176,0,1176,,
ltla,Lewisham,E09000023,2020-06-14,0,1176,0,1176,,
ltla,Lewisham,E09000023,2020-06-13,1,1176,1,1176,,
ltla,Lewisham,E09000023,2020-06-12,0,1175,0,1175,,
ltla,Lewisham,E09000023,2020-06-11,2,1175,2,1175,,
ltla,Lewisham,E09000023,2020-06-10,3,1173,3,1173,,
ltla,Lewisham,E09000023,2020-06-09,0,1170,0,1170,,
ltla,Lewisham,E09000023,2020-06-08,1,1170,1,1170,,
ltla,Lewisham,E09000023,2020-06-07,2,1169,2,1169,,
ltla,Lewisham,E09000023,2020-06-06,1,1167,1,1167,,
ltla,Lewisham,E09000023,2020-06-05,2,1166,2,1166,,
ltla,Lewisham,E09000023,2020-06-04,1,1164,1,1164,,
ltla,Lewisham,E09000023,2020-06-03,1,1163,1,1163,,
ltla,Lewisham,E09000023,2020-06-02,0,1162,0,1162,,
ltla,Lewisham,E09000023,2020-06-01,3,1162,3,1162,,
ltla,Lewisham,E09000023,2020-05-31,2,1159,2,1159,,
ltla,Lewisham,E09000023,2020-05-30,0,1157,0,1157,,
ltla,Lewisham,E09000023,2020-05-29,4,1157,4,1157,,
ltla,Lewisham,E09000023,2020-05-28,2,1153,2,1153,,
ltla,Lewisham,E09000023,2020-05-27,1,1151,1,1151,,
ltla,Lewisham,E09000023,2020-05-26,2,1150,2,1150,,
ltla,Lewisham,E09000023,2020-05-25,4,1148,4,1148,,
ltla,Lewisham,E09000023,2020-05-24,2,1144,2,1144,,
ltla,Lewisham,E09000023,2020-05-23,1,1142,1,1142,,
ltla,Lewisham,E09000023,2020-05-22,3,1141,3,1141,,
ltla,Lewisham,E09000023,2020-05-21,5,1138,5,1138,,
ltla,Lewisham,E09000023,2020-05-20,2,1133,2,1133,,
ltla,Lewisham,E09000023,2020-05-19,4,1131,4,1131,,
ltla,Lewisham,E09000023,2020-05-18,2,1127,2,1127,,
ltla,Lewisham,E09000023,2020-05-17,1,1125,1,1125,,
ltla,Lewisham,E09000023,2020-05-16,3,1124,3,1124,,
ltla,Lewisham,E09000023,2020-05-15,1,1121,1,1121,,
ltla,Lewisham,E09000023,2020-05-14,3,1120,3,1120,,
ltla,Lewisham,E09000023,2020-05-13,10,1117,10,1117,,
ltla,Lewisham,E09000023,2020-05-12,5,1107,5,1107,,
ltla,Lewisham,E09000023,2020-05-11,6,1102,6,1102,,
ltla,Lewisham,E09000023,2020-05-10,3,1096,3,1096,,
ltla,Lewisham,E09000023,2020-05-09,2,1093,2,1093,,
ltla,Lewisham,E09000023,2020-05-08,7,1091,7,1091,,
ltla,Lewisham,E09000023,2020-05-07,9,1084,9,1084,,
ltla,Lewisham,E09000023,2020-05-06,6,1075,6,1075,,
ltla,Lewisham,E09000023,2020-05-05,7,1069,7,1069,,
ltla,Lewisham,E09000023,2020-05-04,5,1062,5,1062,,
ltla,Lewisham,E09000023,2020-05-03,6,1057,6,1057,,
ltla,Lewisham,E09000023,2020-05-02,7,1051,7,1051,,
ltla,Lewisham,E09000023,2020-05-01,8,1044,8,1044,,
ltla,Lewisham,E09000023,2020-04-30,16,1036,16,1036,,
ltla,Lewisham,E09000023,2020-04-29,9,1020,9,1020,,
ltla,Lewisham,E09000023,2020-04-28,13,1011,13,1011,,
ltla,Lewisham,E09000023,2020-04-27,16,998,16,998,,
ltla,Lewisham,E09000023,2020-04-26,7,982,7,982,,
ltla,Lewisham,E09000023,2020-04-25,13,975,13,975,,
ltla,Lewisham,E09000023,2020-04-24,11,962,11,962,,
ltla,Lewisham,E09000023,2020-04-23,16,951,16,951,,
ltla,Lewisham,E09000023,2020-04-22,7,935,7,935,,
ltla,Lewisham,E09000023,2020-04-21,30,928,30,928,,
ltla,Lewisham,E09000023,2020-04-20,14,898,14,898,,
ltla,Lewisham,E09000023,2020-04-19,11,884,11,884,,
ltla,Lewisham,E09000023,2020-04-18,6,873,6,873,,
ltla,Lewisham,E09000023,2020-04-17,30,867,30,867,,
ltla,Lewisham,E09000023,2020-04-16,17,837,17,837,,
ltla,Lewisham,E09000023,2020-04-15,25,820,25,820,,
ltla,Lewisham,E09000023,2020-04-14,16,795,16,795,,
ltla,Lewisham,E09000023,2020-04-13,29,779,29,779,,
ltla,Lewisham,E09000023,2020-04-12,19,750,19,750,,
ltla,Lewisham,E09000023,2020-04-11,15,731,15,731,,
ltla,Lewisham,E09000023,2020-04-10,13,716,13,716,,
ltla,Lewisham,E09000023,2020-04-09,33,703,33,703,,
ltla,Lewisham,E09000023,2020-04-08,28,670,28,670,,
ltla,Lewisham,E09000023,2020-04-07,31,642,31,642,,
ltla,Lewisham,E09000023,2020-04-06,46,611,46,611,,
ltla,Lewisham,E09000023,2020-04-05,32,565,32,565,,
ltla,Lewisham,E09000023,2020-04-04,29,533,29,533,,
ltla,Lewisham,E09000023,2020-04-03,51,504,51,504,,
ltla,Lewisham,E09000023,2020-04-02,56,453,56,453,,
ltla,Lewisham,E09000023,2020-04-01,37,397,37,397,,
ltla,Lewisham,E09000023,2020-03-31,38,360,38,360,,
ltla,Lewisham,E09000023,2020-03-30,28,322,28,322,,
ltla,Lewisham,E09000023,2020-03-29,25,294,25,294,,
ltla,Lewisham,E09000023,2020-03-28,21,269,21,269,,
ltla,Lewisham,E09000023,2020-03-27,34,248,34,248,,
ltla,Lewisham,E09000023,2020-03-26,26,214,26,214,,
ltla,Lewisham,E09000023,2020-03-25,24,188,24,188,,
ltla,Lewisham,E09000023,2020-03-24,15,164,15,164,,
ltla,Lewisham,E09000023,2020-03-23,27,149,27,149,,
ltla,Lewisham,E09000023,2020-03-22,19,122,19,122,,
ltla,Lewisham,E09000023,2020-03-21,8,103,8,103,,
ltla,Lewisham,E09000023,2020-03-20,22,95,22,95,,
ltla,Lewisham,E09000023,2020-03-19,16,73,16,73,,
ltla,Lewisham,E09000023,2020-03-18,9,57,9,57,,
ltla,Lewisham,E09000023,2020-03-17,8,48,8,48,,
ltla,Lewisham,E09000023,2020-03-16,11,40,11,40,,
ltla,Lewisham,E09000023,2020-03-15,6,29,6,29,,
ltla,Lewisham,E09000023,2020-03-14,2,23,2,23,,
ltla,Lewisham,E09000023,2020-03-13,3,21,3,21,,
ltla,Lewisham,E09000023,2020-03-12,9,18,9,18,,
ltla,Lewisham,E09000023,2020-03-11,5,9,5,9,,
ltla,Lewisham,E09000023,2020-03-10,1,4,1,4,,
ltla,Lewisham,E09000023,2020-03-09,0,3,0,3,,
ltla,Lewisham,E09000023,2020-03-08,0,3,0,3,,
ltla,Lewisham,E09000023,2020-03-07,1,3,1,3,,
ltla,Lewisham,E09000023,2020-03-06,0,2,0,2,,
ltla,Lewisham,E09000023,2020-03-05,0,2,0,2,,
ltla,Lewisham,E09000023,2020-03-04,1,2,1,2,,
ltla,Lewisham,E09000023,2020-03-03,0,1,0,1,,
ltla,Lewisham,E09000023,2020-03-02,0,1,0,1,,
ltla,Lewisham,E09000023,2020-03-01,0,1,0,1,,
ltla,Lewisham,E09000023,2020-02-29,0,1,0,1,,
ltla,Lewisham,E09000023,2020-02-28,0,1,0,1,,
ltla,Lewisham,E09000023,2020-02-27,0,1,0,1,,
ltla,Lewisham,E09000023,2020-02-26,0,1,0,1,,
ltla,Lewisham,E09000023,2020-02-25,0,1,0,1,,
ltla,Lewisham,E09000023,2020-02-24,0,1,0,1,,
ltla,Lewisham,E09000023,2020-02-23,0,1,0,1,,
ltla,Lewisham,E09000023,2020-02-22,0,1,0,1,,
ltla,Lewisham,E09000023,2020-02-21,0,1,0,1,,
ltla,Lewisham,E09000023,2020-02-20,0,1,0,1,,
ltla,Lewisham,E09000023,2020-02-19,0,1,0,1,,
ltla,Lewisham,E09000023,2020-02-18,0,1,0,1,,
ltla,Lewisham,E09000023,2020-02-17,0,1,0,1,,
ltla,Lewisham,E09000023,2020-02-16,0,1,0,1,,
ltla,Lewisham,E09000023,2020-02-15,0,1,0,1,,
ltla,Lewisham,E09000023,2020-02-14,0,1,0,1,,
ltla,Lewisham,E09000023,2020-02-13,0,1,0,1,,
ltla,Lewisham,E09000023,2020-02-12,0,1,0,1,,
ltla,Lewisham,E09000023,2020-02-11,1,1,1,1,,
